Book Id,Title,Author,Author l-f,Additional Authors,ISBN,ISBN13,My Rating,Average Rating,Publisher,Binding,Number of Pages,Year Published,Original Publication Year,Date Read,Date Added,Bookshelves,Bookshelves with positions,Exclusive Shelf,My Review,Spoiler,Private Notes,Read Count,Owned Copies
135982540,Au coeur des solitudes,Lomig,"Lomig, Lomig",,"=""2377318126""","=""9782377318124""",5,4.21,SARBACANE,Hardcover,176,2023,,2025/09/13,2025/09/13,,,read,,,,1,0
35108194,Ornithomaniacs,Daria Schmitt,"Schmitt, Daria",,"=""2203096179""","=""9782203096172""",3,3.35,Casterman,Hardcover,104,2017,2017,2025/09/07,2025/09/07,,,read,,,,1,0
23593886,Notre héros défiguré,Yi Mun-Yol,"Mun-Yol, Yi",,"=""2868695779""","=""9782868695772""",5,3.76,Actes Sud,Paperback,128,1990,1987,2025/09/05,2025/09/05,,,read,,,,1,0
71290583,Sweet Jayne Mansfield: Sweet Jayne,J.M. Dupont,"Dupont, J.M.",,"=""2344017003""","=""9782344017005""",3,3.17,GLENAT,Hardcover,168,2021,,2025/09/05,2025/09/05,,,read,,,,1,0
152266471,La Distinction: Librement inspiré du livre de Pierre Bourdieu,Tiphaine Rivière,"Rivière, Tiphaine",,"=""241308133X""","=""9782413081333""",5,4.36,DELCOURT,Hardcover,296,2023,,2025/08/31,2025/08/31,,,read,,,,1,0
52286748,Géante : Histoire de celle qui parcourut le monde à la recherche de la liberté,Jean-Christophe Deveney,"Deveney, Jean-Christophe",Núria Tamarit,"=""241300016X""","=""9782413000167""",5,4.14,Delcourt,Hardcover,208,2020,2020,2025/08/16,2025/08/04,,,read,,,,1,0
216850381,Nexus,Yuval Noah Harari,"Harari, Yuval Noah",,"=""222649488X""","=""9782226494887""",4,4.17,ALBIN MICHEL,Paperback,576,2024,2024,2025/08/14,2025/08/06,,,read,,,,1,0
220209593,Battre l’extrême droite,Ludivine Bantigny,"Bantigny, Ludivine",,"=""2365124690""","=""9782365124690""",5,4.36,CROQUANT,Paperback,80,2024,,2025/08/06,2025/08/06,,,read,,,,1,0
43602371,L'Ours et le Rossignol,Katherine Arden,"Arden, Katherine",Jacques Collin,"=""2207143937""","=""9782207143933""",4,4.09,Denoël ,Paperback,368,2019,2017,2025/07/21,2025/07/21,,,read,,,,1,0
50018692,Les mains d'Illian (Le Boiseleur #1),Hubert,"Hubert, Hubert",Gaëlle Hersent,"=""2302077784""","=""9782302077782""",4,4.03,Les Éditions Soleil,Hardcover,94,2019,2019,2025/07/20,2025/06/08,,,read,,,,1,0
61826287,L'esprit d'atelier (Le Boiseleur #2),Hubert,"Hubert, Hubert",Gaëlle Hersent,"=""230209848X""","=""9782302098480""",5,4.31,Les Éditions Soleil,Hardcover,118,2022,2022,2025/07/20,2025/06/08,,,read,,,,1,0
59334321,Les grands cerfs,Gaétan Nocq,"Nocq, Gaétan",Claudie Hunzinger,"=""2356741038""","=""9782356741035""",4,3.95,Daniel Maghen,Hardcover,224,2021,,2025/07/14,2025/07/14,,,read,,,,1,0
200864418,La Mare,Erik Kriek,"Kriek, Erik",,"=""293110521X""","=""9782931105214""",3,3.40,ANSPACH,Hardcover,136,2024,2023,2025/07/14,2025/07/14,,,read,,,,1,0
60597810,Survivre aujourd'hui (Donjon Potron-Minet -82),Stéphane Oiry,"Oiry, Stéphane","Lewis Trondheim, Joann Sfar","=""2413016899""","=""9782413016892""",4,3.71,Delcourt,Hardcover,48,2022,2022,2025/07/05,2025/07/05,,,read,,,,1,0
63336455,"Larmes et brouillard (Donjon Zénith, #9)",Boulet,"Boulet, Boulet","Joann Sfar, Lewis Trondheim","=""2413047115""","=""9782413047117""",4,4.24,Delcourt,Hardcover,48,2022,2022,2025/07/05,2025/07/05,,,read,,,,1,0
56062869,"En sa mémoire (Donjon Zénith, 8)",Joann Sfar,"Sfar, Joann","Lewis Trondheim, Boulet","=""2413037667""","=""9782413037668""",4,4.18,Delcourt,Hardcover,48,2020,2020,2025/07/05,2025/07/05,,,read,,,,1,0
50373562,"Hors des remparts (Donjon Zénith, #7)",Joann Sfar,"Sfar, Joann","Lewis Trondheim, Boulet","=""2413016880""","=""9782413016885""",5,4.18,Delcourt,Hardcover,48,2020,2020,2025/07/05,2025/07/05,,,read,,,,1,0
181552754,"Moi, Edin Björnsson, pêcheur suédois au XVIIIe siècle coureur de jupons et assassiné par un mari jaloux",Édith,"Édith, Édith",,"=""2385610132""","=""9782385610135""",4,3.38,OXYMORE,Hardcover,112,2023,,2025/06/16,2025/06/16,,,read,,,,1,0
1626388,"Après la pluie (Donjon Potron-Minet, #-84)",Joann Sfar,"Sfar, Joann","Christophe Blain, Lewis Trondheim","=""2756002283""","=""9782756002286""",4,4.13,Delcourt,Board book,48,2006,2006,2025/06/16,2025/06/16,,,read,,,,1,0
5150195,"Sans un bruit (Donjon Potron-Minet, #-83 )",Joann Sfar,"Sfar, Joann","Christophe Gaultier, Lewis Trondheim","=""2756014419""","=""9782756014418""",3,4.00,Delcourt,Board book,46,2008,2008,2025/06/16,2025/06/16,,,read,,,,1,0
79492,"La Chemise de la nuit (Donjon Potron-Minet, #-99)",Joann Sfar,"Sfar, Joann",,"=""2840554232""","=""9782840554233""",4,4.13,Delcourt,Hardcover,47,1999,1999,2025/06/16,2025/06/16,,,read,,,,1,0
1405788,"Un justicier dans l'ennui (Donjon Potron-Minet, #-98 )",SFAR+TRONDHEIM+BLAIN,"SFAR+TRONDHEIM+BLAIN, SFAR+TRONDHEIM+BLAIN","Lewis Trondheim, Christophe Blain","=""2840555697""","=""9782840555698""",3,4.09,Delcourt,Hardcover,48,2004,2001,2025/06/16,2025/06/16,,,read,,,,1,0
7140698,"Jusqu'à ce que la mort nous sépare (Miss Pas Touche, #4)",Hubert,"Hubert, Hubert",Kerascoët,"=""2205062921""","=""9782205062922""",4,3.40,Dargaud,Hardcover,48,2009,2009,2025/06/14,2025/06/14,,,read,,,,1,0
4709238,"Le Prince charmant (Miss Pas Touche, #3)",Hubert,"Hubert, Hubert",Kerascoët,"=""220506083X""","=""9782205060836""",3,3.70,Dargaud,Hardcover,48,2009,2008,2025/06/14,2025/06/13,,,read,,,,1,0
2687516,"La Vierge du bordel (Miss Pas Touche, #1)",Hubert,"Hubert, Hubert",Kerascoët,"=""2205058118""","=""9782205058116""",4,3.96,Dargaud,Hardcover,48,2008,2006,2025/06/12,2025/06/12,,,read,,,,1,0
2687517,"Du sang sur les mains (Miss Pas Touche, #2)",Hubert,"Hubert, Hubert",Kerascoët,"=""2205059025""","=""9782205059021""",4,3.91,Dargaud,Hardcover,48,2008,2007,2025/06/12,2025/06/12,,,read,,,,1,0
6136798,"Miss Don't Touch Me, Vol. 1",Hubert,"Hubert, Hubert","Kerascoët, Joe  Johnson","=""1561635448""","=""9781561635443""",0,3.72,Nbm Pub Co,Paperback,92,2008,2006,,2025/06/08,to-read,to-read (#72),to-read,,,,0,0
55856318,"Première-née (Les Ogres-Dieux, #4)",Hubert,"Hubert, Hubert",Bertrand Gatignol,"=""2302090268""","=""9782302090262""",5,4.07,Les Éditions Soleil,Hardcover,156,2020,2020,2025/06/08,2025/06/08,,,read,,,,1,0
131940512,"La saison des spores (Le Convoyeur, #4)",Tristan Roulot,"Roulot, Tristan",Dimitri Armand,"=""2808206399""","=""9782808206396""",4,3.70,Le Lombard,Paperback,64,2023,2023,2025/06/07,2025/06/01,,,read,,,,1,0
57947032,Droit chemin T.02 : la nuit de la Goule,Wilfrid Lupano,"Lupano, Wilfrid",Morgann Tanco,"=""2756024988""","=""9782756024981""",4,3.33,Delcourt,Hardcover,56,2011,2011,2025/06/07,2025/06/07,,,read,,,,1,0
11958158,Les Enfants terribles,Wilfrid Lupano,"Lupano, Wilfrid",,"=""2756017582""","=""9782756017587""",4,3.33,DELCOURT,Hardcover,56,2011,2011,2025/06/06,2025/06/06,,,read,,,,1,0
31568286,"Demi-Sang (Les Ogres-Dieux, #2)",Hubert,"Hubert, Hubert",Bertrand Gatignol,"=""2302048490""","=""9782302048492""",4,4.11,Les Éditions Soleil,Hardcover,151,2016,2016,2025/06/05,2025/06/05,,,read,,,,1,0
125551811,Le Convoyeur - Tome 3 - Ces ténèbres qui nous lient (French Edition),Tristan Roulot,"Roulot, Tristan",Dimitri Armand,"=""2808203624""","=""""",3,3.87,Le Lombard,Kindle Edition,0,2022,2022,2025/06/01,2025/06/01,,,read,,,,1,0
2674236,"Retour en fanfare (Donjon Zénith, #6)",Joann Sfar,"Sfar, Joann","Lewis Trondheim, Boulet","=""2756005967""","=""9782756005966""",3,4.12,Delcourt,Paperback,48,2008,2008,2025/06/01,2025/06/01,,,read,,,,1,0
43088233,"Le Grand Homme (Les Ogres-Dieux, #3)",Hubert,"Hubert, Hubert",Bertrand Gatignol,"=""2302072731""","=""9782302072732""",5,4.13,Les Éditions Soleil,Hardcover,186,2018,2018,2025/05/31,2025/05/31,,,read,,,,1,0
1626372,"Un mariage à part (Donjon Zénith, #5)",Joann Sfar,"Sfar, Joann","Lewis Trondheim, Boulet","=""2840557347""","=""9782840557340""",4,4.04,Delcourt,Hardcover,46,2006,2001,2025/05/30,2025/05/30,,,read,,,,1,0
137218903,En bons pères de famille,Rose Lamy,"Lamy, Rose",,"=""2709672456""","=""9782709672450""",0,4.51,JC Lattès,Paperback,194,2023,,,2025/05/24,currently-reading,currently-reading (#10),currently-reading,,,,1,0
1626390,"Le sage du ghetto (Donjon Parade, #2)",Joann Sfar,"Sfar, Joann","Lewis Trondheim, Manu Larcenet","=""2840556936""","=""9782840556930""",3,3.84,DELCOURT,Hardcover,30,2001,2001,2025/05/18,2025/05/18,,,read,,,,1,0
227873393,Où sont passés nos milliards,Lucie Castets,"Castets, Lucie",,"=""202159873X""","=""9782021598735""",4,4.13,SEUIL,Paperback,176,2025,,2025/05/17,2025/05/17,,,read,,,,1,0
58302539,"La cité des Mille Flèches (Le convoyeur, #2)",Tristan Roulot,"Roulot, Tristan",Dimitri Armand,"=""2803679655""","=""9782803679652""",3,3.87,Le Lombard,Hardcover,56,2021,2021,2025/05/16,2025/05/16,,,read,,,,1,0
53805660,"Nymphe (Le convoyeur, #1)",Tristan Roulot,"Roulot, Tristan",Dimitri Armand,"=""2803675757""","=""9782803675753""",3,3.69,Le Lombard,Hardcover,56,2020,2020,2025/05/16,2024/01/13,,,read,,,,1,0
125089544,"Une histoire du conflit politique: Elections et inégalités sociales en France, 1789-2022",Julia Cagé,"Cagé, Julia",Thomas Piketty,"=""2021454541""","=""9782021454543""",0,4.33,SEUIL,Paperback,864,2023,,,2025/05/15,currently-reading,currently-reading (#9),currently-reading,,,,1,0
79494,"Un donjon de trop (Donjon Parade, #1)",Joann Sfar,"Sfar, Joann","Lewis Trondheim, Manu Larcenet","=""2840555727""","=""9782840555728""",4,3.97,Delcourt,Paperback,32,2000,,2025/05/15,2025/05/15,,,read,,,,1,0
43698953,Dans la forêt des lilas,Nathalie Ferlut,"Ferlut, Nathalie",Tamia Baudouin,"=""2756099961""","=""9782756099965""",3,3.37,Delcourt,Hardcover,72,2019,2019,2025/04/13,2025/04/13,,,read,,,,1,0
1405790,"Sortilège et avatar (Donjon Zénith, #4)",Joann Sfar,"Sfar, Joann",Lewis Trondheim,"=""2840557339""","=""9782840557333""",5,4.16,Delcourt,Hardcover,48,2002,2000,2025/04/12,2025/04/12,,,read,,,,1,0
79493,"La Princesse des barbares (Donjon Zénith, #3)",SFAR-TRONDHEIM,"SFAR-TRONDHEIM, SFAR-TRONDHEIM",Lewis Trondheim,"=""2840553139""","=""9782840553137""",4,4.15,DELCOURT,Hardcover,48,2004,2000,2025/04/11,2025/04/11,,,read,,,,1,0
9413688,"Incendies (Le Sang des promesses, #2)",Wajdi Mouawad,"Mouawad, Wajdi",,"=""2742793127""","=""9782742793129""",4,4.39,Leméac,Pocket Book,170,2011,2003,2025/03/16,2025/03/16,,,read,,,,1,0
45915442,Par les villages: Poème dramatique,Peter Handke,"Handke, Peter",,"=""207028784X""","=""9782070287840""",4,3.92,GALLIMARD,Paperback,112,1983,1981,2024/11/12,2024/11/12,,,read,,,,1,0
3260178,Antigone,Sophocles,"Sophocles, Sophocles",Paul Dumont,"=""2253055441""","=""9782253055440""",4,3.68,LGF,Pocket Book,160,1991,-441,2025/02/08,2025/02/08,,,read,,,,1,0
241810,La Maison de Bernarda Alba / Noce de sang,Federico García Lorca,"Lorca, Federico García",,"=""2070362825""","=""9782070362820""",3,3.89,Gallimard (Folio),Paperback,251,1973,1963,2025/02/06,2025/01/24,,,read,,,,1,0
222246736,Wind and Truth (The Stormlight Archive #5),Brandon Sanderson,"Sanderson, Brandon",,"=""1399601326""","=""9781399601320""",4,4.38,Gollancz,Paperback,1330,2024,2024,2025/01/17,2025/01/02,,,read,,,,1,0
43328724,Le CID (French Edition),Pierre Corneille,"Corneille, Pierre",,"=""2266196014""","=""9782266196017""",5,3.59,Pocket - educabooks,Pocket Book,224,2009,1636,2025/01/17,2025/01/17,,,read,,,,1,0
202700081,Malice (Le Livre des Terres bannies #1),John Gwynne,"Gwynne, John",Thomas Bauduret,"=""2493405668""","=""9782493405661""",4,4.17,Éditions Leha,Mass Market Paperback,864,2024,2012,2024/12/29,2024/12/29,,,read,,,,1,0
15816369,Mapuche,Caryl Férey,"Férey, Caryl",,"=""2070130762""","=""9782070130764""",0,3.98,Gallimard,Paperback,464,2012,2012,,2024/12/15,to-read,to-read (#71),to-read,,,,0,0
160092422,Démocratie ! Manifeste,Barbara Stiegler,"Stiegler, Barbara",Christophe Pébarthe,"=""2356879706""","=""9782356879707""",0,3.00,BORD DE L EAU,Paperback,168,2023,,,2024/11/17,to-read,to-read (#70),to-read,,,,0,0
773382,Olga (Isaac le pirate #3),Blain Christophe,"Christophe, Blain",,"=""2205053124""","=""9782205053128""",4,3.86,Editions Dargaud,Hardcover,48,2002,2002,2024/11/12,2024/11/12,,,read,,,,1,0
211868312,Théodoros,Mircea Cărtărescu,"Cărtărescu, Mircea",Laure Hinckel,"=""2889830403""","=""9782889830404""",0,4.37,NOIR BLANC,Paperback,608,2024,2022,,2024/11/04,currently-reading,currently-reading (#8),currently-reading,,,,1,0
216017220,RESISTER,Salomé Saqué,"Saqué, Salomé",,"=""2228937592""","=""9782228937597""",5,4.52,PAYOT,Paperback,144,2024,,2024/11/04,2024/11/03,,,read,,,,1,0
208161960,"La Guerre du jade (Les Os émeraude, #2)",Fonda Lee,"Lee, Fonda",Gaspard Houi,"=""2378764332""","=""9782378764333""",4,4.39,DE SAXUS,Paperback,768,2024,2019,2024/11/02,2024/10/28,,,read,,,,1,0
773381,Les Glaces (Isaac le pirate #2),Christophe Blain,"Blain, Christophe",,"=""2205051652""","=""9782205051650""",4,4.00,Editions Dargaud,Hardcover,48,2002,2002,2024/10/28,2024/10/28,,,read,,,,1,0
773380,Les Amériques (Isaac le pirate #1),Blain Christophe,"Christophe, Blain",,"=""2205049402""","=""9782205049404""",3,3.86,Editions Dargaud,Hardcover,48,2001,2001,2024/10/28,2024/10/28,,,read,,,,1,0
179859239,La Cité de jade - Tome 01 (broché),Fonda Lee,"Lee, Fonda",Gaspard Houi,"=""2378763247""","=""9782378763244""",4,4.07,DE SAXUS,Paperback,640,2023,2017,2024/10/20,2024/10/13,,,read,,,,1,0
41716919,"Jade War (The Green Bone Saga, #2)",Fonda Lee,"Lee, Fonda",,"=""0316440922""","=""9780316440929""",0,4.39,Orbit,Hardcover,587,2019,2019,,2024/10/19,to-read,to-read (#69),to-read,,,,0,0
18952341,"The Grace of Kings (The Dandelion Dynasty, #1)",Ken Liu,"Liu, Ken",,"=""1481424270""","=""9781481424271""",0,3.80,Saga Press,Hardcover,640,2015,2015,,2024/10/15,to-read,to-read (#68),to-read,,,,0,0
62039417,"Wolfsong (Green Creek, #1)",T.J. Klune,"Klune, T.J.",,"=""1250890314""","=""9781250890313""",0,4.20,Tor Books,Hardcover,528,2023,2016,,2024/10/15,to-read,to-read (#67),to-read,,,,0,0
28432998,Un flot de lumière (Les Forêts d'Opale #9),Christophe Arleston,"Arleston, Christophe",Philippe Pellet,"=""2302048571""","=""9782302048577""",4,3.76,Soleil,Hardcover,48,2015,2015,2024/10/14,2024/10/14,,,read,,,,1,0
201307184,La Cité des marches (Les Cités divines #1),Robert Jackson Bennett,"Bennett, Robert Jackson",,"=""222647062X""","=""9782226470621""",3,4.10,Albin Michel,Hardcover,552,2024,2014,2024/10/13,2024/10/07,,,read,,,,1,0
204484769,Les Sept Divinités du bonheur,Keigo Higashino,"Higashino, Keigo",Sophie Refle,"=""2330191375""","=""9782330191375""",4,3.92,ACTES SUD,,304,2024,2011,2024/09/02,2024/09/02,,,read,,,,1,0
58132544,"A River Enchanted (Elements of Cadence, #1)",Rebecca   Ross,"Ross, Rebecca",,"=""0063055988""","=""9780063055988""",0,4.07,Harper Voyager,Hardcover,480,2022,2022,,2024/09/30,to-read,to-read (#66),to-read,,,,0,0
211786572,Célèbre,Maud Ventura,"Ventura, Maud",,"=""2378804504""","=""9782378804503""",0,3.75,Iconoclaste,Paperback,541,2024,2024,,2024/09/23,to-read,to-read (#65),to-read,,,,0,0
23588339,"Légende (Drenai Saga, #1)",David Gemmell,"Gemmell, David",,"=""2811213112""","=""9782811213114""",3,4.26,Milady,Paperback,480,2014,1984,2024/09/21,2024/09/21,,,read,,,,1,0
53423282,Falloujah,Feurat Alani,"Alani, Feurat",,"=""2365694306""","=""9782365694308""",4,4.40,Les escales éditions,Paperback,120,2020,,2024/04/09,2024/04/09,,,read,,,,1,0
122032,Le Pingouin,Andrey Kurkov,"Kurkov, Andrey","Nathalie Amargier, Andreï Kourkov","=""2020477815""","=""9782020477819""",4,3.78,Points,Mass Market Paperback,274,2004,1996,,2013/04/11,,,read,,,,1,0
27271505,"La voie du sabre (Griffe Blanche, #3)",Serge Le Tendre,"Tendre, Serge Le",Olivier TaDuc,"=""2205074083""","=""9782205074086""",3,3.29,Dargaud,Hardcover,48,2015,2015,2024/09/02,2024/09/02,,,read,,,,1,0
27271494,"La révolte du peuple singe (Griffe Blanche, #2)",Serge Le Tendre,"Tendre, Serge Le",Olivier TaDuc,"=""2205071289""","=""9782205071283""",3,3.32,Dargaud,Hardcover,48,2014,2014,2024/09/02,2024/09/02,,,read,,,,1,0
29073716,"L'oeuf du dragon roi (Griffe Blanche, #1)",Serge Le Tendre,"Tendre, Serge Le",Olivier TaDuc,"=""2205069179""","=""9782205069174""",3,2.82,Dargaud,Hardcover,48,2013,2013,2024/08/21,2024/08/21,,,read,,,,1,0
60139102,À bord de l'Étoile Matutine,Riff Reb's,"Reb's, Riff",,"=""2302009215""","=""9782302009219""",0,4.00,SOLEIL,Paperback,120,2009,,2024/08/19,2024/08/19,,,read,,,,1,0
125310389,Animan,Anouk Ricard,"Ricard, Anouk",,"=""2492926079""","=""9782492926075""",4,4.16,SUPEREXEMPLAIRE,Hardcover,80,2022,2022,2024/08/18,2024/08/18,,,read,,,,1,0
22381908,"L'assassin qu'elle mérite, Tome 1 : Art Nouveau",Wilfrid Lupano,"Lupano, Wilfrid",Yannick Corboz,"=""2749305551""","=""9782749305554""",3,3.33,Vents d'Ouest,Hardcover,56,2010,2010,2024/08/18,2024/08/18,,,read,,,,1,0
36297438,La saga de Grimr,Jérémie Moreau,"Moreau, Jérémie",,"=""2756080640""","=""9782756080642""",5,4.16,Delcourt,Hardcover,232,2017,2017,2024/08/17,2024/08/17,,,read,,,,1,0
23566428,Les Hordes de la nuit (Les Forêts d'Opale #8),Christophe Arleston,"Arleston, Christophe","Philippe Pellet, Christian Goussale, Guy Mathias","=""2302031008""","=""9782302031005""",3,3.80,Soleil,Hardcover,44,2013,2013,2024/08/15,2024/08/15,,,read,,,,1,0
13506862,Les Dents de pierre (Les Forêts d'Opale #7),Christophe Arleston,"Arleston, Christophe",Philippe Pellet,"=""2302018702""","=""9782302018709""",3,3.84,Soleil Productions,Hardcover,46,2011,2011,2024/08/15,2024/08/15,,,read,,,,1,0
79496,"Le roi de la bagarre (Donjon Zénith, #2)",Joann Sfar,"Sfar, Joann",Lewis Trondheim,"=""2840552493""","=""9782840552499""",4,4.25,DELCOURT,Hardcover,48,2004,1998,2024/08/13,2024/08/13,,,read,,,,1,0
1626380,"Coeur de canard (Donjon Zénith,#1)",Joann Sfar,"Sfar, Joann",Lewis Trondheim,"=""2840551977""","=""9782840551973""",4,4.21,Delcourt,Hardcover,48,2004,1998,2024/08/13,2024/08/13,,,read,,,,1,0
6769542,"Le Sortilège du Pontife (Les forêts d'Opale, #6)",Christophe Arleston,"Arleston, Christophe","Philippe Pellet, Christian Goussale","=""2302005562""","=""9782302005563""",4,3.81,Soleil,Hardcover,49,2009,2009,2024/08/13,2024/08/13,,,read,,,,1,0
2109778,Onze racines (Les forêts d'Opale #5),Christophe Arleston,"Arleston, Christophe",Philippe Pellet,"=""2849466441""","=""9782849466445""",3,3.87,Soleil Productions,Hardcover,47,2007,2007,2024/08/13,2024/08/13,,,read,,,,1,0
2777406,Les geôles de Nénuphe (Les forêts d'Opale #4),Christophe Arleston,"Arleston, Christophe","Philippe Pellet, Christian Goussale","=""2845658982""","=""9782845658981""",3,3.84,Soleil,Hardcover,48,2005,2005,2024/08/13,2024/08/13,,,read,,,,1,0
2777548,La Cicatrice verte (Les Forêts d'Opale #3),Christophe Arleston,"Arleston, Christophe",Philippe Pellet,"=""2845653832""","=""9782845653832""",3,3.82,Soleil,Hardcover,50,2003,2003,2024/08/13,2024/08/13,,,read,,,,1,0
2777393,L'Envers du grimoire (Les Forêts d'Opale #2),Christophe Arleston,"Arleston, Christophe",Philippe Pellet,"=""2845651341""","=""9782845651340""",3,3.81,Soleil,Hardcover,47,2001,2002,2024/08/13,2024/08/13,,,read,,,,1,0
208557662,Huit millions de dieux,David B. Gil,"Gil, David B.",Judith Vernant,"=""2265157465""","=""9782265157460""",0,4.26,FLEUVE EDITIONS,Paperback,608,2024,2019,,2024/08/13,currently-reading,currently-reading (#7),currently-reading,,,,1,0
58912923,"Rythme de guerre 2 (Les Archives de Roshar, #4.2)",Brandon Sanderson,"Sanderson, Brandon",,"=""2253242233""","=""9782253242239""",4,4.65,Livre de poche,Paperback,832,2021,2021,2024/07/31,2024/08/13,,,read,,,,1,0
18629063,La Brigade Chimérique,Serge Lehman,"Lehman, Serge","Fabrice Colin, Gess, Céline Bessonneau","=""2841726185""","=""9782841726189""",0,3.79,L'Atalante,Hardcover,321,2012,2009,,2020/09/17,to-read,to-read (#21),to-read,,,,0,0
88716913,Hors jeu,Enzo Cormann,"Cormann, Enzo",,"=""2846813485""","=""9782846813488""",3,3.50,SOLITAIRES INT,Paperback,112,2013,,2024/07/09,2024/07/05,,,read,,,,1,0
60404658,Black Friday (Shi #5),Zidrou,"Zidrou, Zidrou",José Homs,"=""2505089396""","=""9782505089391""",0,4.17,Dargaud,Hardcover,56,2022,2022,,2024/07/09,currently-reading,currently-reading (#6),currently-reading,,,,1,0
50666892,Victoria (Shi #4),Zidrou,"Zidrou, Zidrou",José Homs,"=""2505080968""","=""9782505080961""",3,3.91,Dargaud,Hardcover,56,2020,2020,2024/07/07,2024/07/07,,,read,,,,1,0
23388706,Un océan d'amour,Wilfrid Lupano,"Lupano, Wilfrid",Grégory Panaccione,"=""2756062103""","=""9782756062105""",5,4.37,Delcourt,Hardcover,224,2014,2014,2024/07/02,2024/02/04,,,read,,,,1,0
16154214,Le Singe de Hartlepool,Wilfrid Lupano,"Lupano, Wilfrid",Jérémie Moreau,"=""2756028126""","=""9782756028125""",4,4.08,Delcourt,Hardcover,95,2012,2012,2023/06/30,2024/06/30,,,read,,,,1,0
198564525,Ceux qui appartiennent au jour,Emma Doude van Troostwijk,"Troostwijk, Emma Doude van",,"=""2707349488""","=""9782707349484""",0,3.63,Minuit,Paperback,176,2024,2024,,2024/06/20,to-read,to-read (#64),to-read,,,,0,0
199605917,Penser contre soi-même: Prix Cazes - Brasserie LIPP 2024,Nathan Devers,"Devers, Nathan",,"=""2226483861""","=""9782226483867""",0,3.66,ALBIN MICHEL,Paperback,336,2024,,,2024/06/20,to-read,to-read (#63),to-read,,,,0,0
56561621,"Rythme de guerre (Les Archives de Roshar, #4.1)",Brandon Sanderson,"Sanderson, Brandon",,"=""""","=""""",4,4.51,Le Livre de Poche,Paperback,736,,2020,2024/06/18,2024/06/18,,,read,,,,1,0
131940443,Le Souffle des choses (La Marche Brume #1),Stéphane Fert,"Fert, Stéphane",,"=""2505113637""","=""9782505113638""",3,4.14,Dargaud,Hardcover,122,2023,2023,2024/06/10,2024/06/10,,,read,,,,1,0
58273006,American Gods,Neil Gaiman,"Gaiman, Neil",,"=""0062472100""","=""9780062472106""",0,4.10,William Morrow,Mass Market Paperback,750,2016,2001,,2024/06/07,currently-reading,currently-reading (#5),currently-reading,,,,1,0
88140,Les Nourritures terrestres: suivi de Les nouvelles nourritures,André Gide,"Gide, André",,"=""""","=""""",0,3.68,Gallimard,Pocket Book,248,1995,1897,,2022/10/15,to-read,to-read (#44),to-read,,,,0,0
181713517,Le Trône de Jasmin,Tasha Suri,"Suri, Tasha",,"=""2017214752""","=""9782017214755""",0,4.11,HACHETTE HEROES,Paperback,688,2023,2021,,2024/06/02,to-read,to-read (#62),to-read,,,,0,0
55432592,"Jujitsuffragettes, les Amazones de Londres",Clément Xavier,"Xavier, Clément","Albertine Ralenti, Lisa Lugrin","=""2413022716""","=""9782413022718""",5,4.29,Delcourt,Hardcover,136,2020,,2024/05/31,2024/05/31,,,read,,,,1,0
58581738,"Ténébreuse, Livre premier",Vincent Mallié,"Mallié, Vincent","Hubert, Bruno Tatti","=""""","=""9791034746354""",4,3.88,Dupuis,Hardcover,69,2021,2021,2024/05/27,2024/05/27,,,read,,,,1,0
61827323,"Ténébreuse, Livre second",Hubert,"Hubert, Hubert","Vincent Mallié, Bruno Tatti","=""""","=""9791034759644""",4,3.89,Dupuis,Hardcover,72,2022,2022,2024/05/27,2024/05/27,,,read,,,,1,0
50183919,"Justicière, partie 2 (Les archives de Roshar, #3.2)",Brandon Sanderson,"Sanderson, Brandon",Mélanie Fazi,"=""2253083739""","=""9782253083733""",4,4.63,Le Livre de Poche,Mass Market Paperback,857,2019,2017,2024/05/21,2024/05/18,,,read,,,,1,0
42973885,Revenge ! (Shi #3),Zidrou,"Zidrou, Zidrou",José Homs,"=""2505073740""","=""9782505073741""",3,4.02,Dargaud,Hardcover,56,2018,2018,2024/05/20,2024/05/20,,,read,,,,1,0
36578024,Le Roi Démon (Shi #2),Zidrou,"Zidrou, Zidrou",José Homs,"=""2505067058""","=""9782505067054""",3,3.94,Dargaud,Hardcover,56,2017,2017,2024/05/20,2024/05/20,,,read,,,,1,0
150298792,Dostoïevski: Le Soleil Noir,Henrik Rehr,"Rehr, Henrik",Chantal Van den Heuvel,"=""2754831304""","=""9782754831307""",3,3.85,FUTUROPOLIS,Hardcover,138,2023,,2024/05/17,2024/05/17,,,read,,,,1,0
58891850,"Justicière, Volume 1",Brandon Sanderson,"Sanderson, Brandon",Mélanie Fazi,"=""""","=""""",3,4.47,LGF,Pocket Book,864,2021,2017,2024/05/17,2024/05/13,,,read,,,,1,0
50623756,"Le Livre des radieux, tome 2 (Les Archives de Roshar #2.2)",Brandon Sanderson,"Sanderson, Brandon",Mélanie Fazi,"=""""","=""""",4,4.81,Le Livre de Poche,Mass Market Paperback,936,2019,2014,2024/05/06,2024/05/06,,,read,,,,1,0
17751320,"New York (Ekhö monde miroir, #1)",Christophe Arleston,"Arleston, Christophe",Alessandro Barbucci,"=""2302024362""","=""9782302024366""",3,3.72,Soleil,Hardcover,49,2013,2013,2024/05/04,2024/05/04,,,read,,,,1,0
50623757,"Le Livre des Radieux , Volume 1 (Les Archives de Roshar, #2)",Brandon Sanderson,"Sanderson, Brandon",Mélanie Fazi,"=""""","=""""",4,4.70,LGF,Pocket Book,1104,2019,2014,2024/05/01,2024/05/01,,,read,,,,1,0
18000450,Crevaisons : Une aventure rocambolesque du soldat inconnu,Manu Larcenet,"Larcenet, Manu",Daniel Casanave,"=""2205062603""","=""9782205062601""",3,3.48,"Dargaud, collection Poisson Pilote",Hardcover,52,2009,2009,2024/04/28,2024/04/28,,,read,,,,1,0
28448788,"La Voie des rois, tome 2 (Les Archives de Roshar #1.2)",Brandon Sanderson,"Sanderson, Brandon",Mélanie Fazi,"=""2253191248""","=""9782253191247""",5,4.78,Le Livre de Poche,Mass Market Paperback,768,2015,2010,2024/04/28,2024/04/26,,,read,,,,1,0
25798779,"La Voie des rois, tome 1 (Les Archives de Roshar #1.1)",Brandon Sanderson,"Sanderson, Brandon",Mélanie Fazi,"=""225319123X""","=""9782253191230""",4,4.61,Le Livre de Poche,Paperback,768,2015,2010,2024/04/23,2024/04/21,,,read,,,,1,0
125198741,Cosaques - Tome 2 - Dans la gueule du loup (French Edition),Vincent Brugeas,"Brugeas, Vincent","Ronan Toulhoat, Yoann Guillo","=""2808212291""","=""9782808212298""",3,3.40,Le Lombard,Kindle Edition,0,2023,,2024/04/21,2024/04/21,,,read,,,,1,0
60683156,Le hussard ailé (Cosaques #1),Vincent Brugeas,"Brugeas, Vincent","Yoann Guillo, Ronan Toulhoat","=""2803672294""","=""9782803672295""",3,3.30,Le Lombard,Hardcover,64,2022,,2024/04/21,2024/04/21,,,read,,,,1,0
60110705,"Hovanne l'irrésolue (Sangre, #3)",Christophe Arleston,"Arleston, Christophe","Adrien Floch, Claude Guth","=""""","=""""",3,4.31,Éditions Soleil,Unknown Binding,56,2022,,2024/04/16,2024/04/16,,,read,,,,1,0
55853772,"Les Marguerites de l'hiver (Le Château des animaux, #2)",Xavier Dorison,"Dorison, Xavier","Félix Delep, Jessica Bodard","=""2203172509""","=""9782203172500""",4,4.50,Casterman,Hardcover,55,2020,2020,2024/04/16,2024/04/16,,,read,,,,1,0
50831481,"Miss Bengalore (Le Château des animaux, #1)",Xavier Dorison,"Dorison, Xavier","Félix Delep, Jessica Bodard","=""2203148888""","=""9782203148888""",4,4.36,Casterman,Hardcover,71,2019,2019,2024/04/16,2024/04/16,,,read,,,,1,0
45021777,Le Patient,Timothé Le Boucher,"Boucher, Timothé Le",,"=""2344028072""","=""9782344028070""",0,3.94,Glénat,Hardcover,292,2019,2019,,2024/04/16,to-read,to-read (#61),to-read,,,,0,0
198564344,Donnadion le Béat,Christophe Arleston,"Arleston, Christophe",Stefano Vergani,"=""2302098390""","=""9782302098398""",3,3.72,SOLEIL,Hardcover,0,2023,,2024/04/16,2024/04/16,,,read,,,,1,0
36386332,"Fesolggio l'inexorable fâcheux (Sangre, #2)",Christophe Arleston,"Arleston, Christophe",Adrien Floch,"=""2302062825""","=""9782302062825""",4,4.08,Soleil,Kindle Edition,58,2017,2017,2024/04/15,2024/04/15,,,read,,,,1,0
31742455,"Sangre la Survivante (Sangre, #1)",Christophe Arleston,"Arleston, Christophe","Adrien Floch, Claude Guth, Guy Mathias, Denis Leclère, Fred Blanchard","=""2302053729""","=""9782302053724""",4,4.00,Soleil Productions,Hardcover,56,2016,2016,2024/04/15,2024/04/15,,,read,,,,1,0
51183682,La Maison,Emma Becker,"Becker, Emma",,"=""2081470403""","=""9782081470408""",0,3.49,Flammarion,Paperback,400,2019,2019,,2024/04/11,currently-reading,currently-reading (#4),currently-reading,,,,1,0
1671983,Les héritiers. Les étudiants et la culture,Pierre Bourdieu,"Bourdieu, Pierre",Jean-Claude Passeron,"=""2707300810""","=""9782707300812""",0,4.14,MINUIT,Paperback,192,1984,1964,,2024/04/09,to-read,to-read (#60),to-read,,,,0,0
15704307,"Saga, Volume 1",Brian K. Vaughan,"Vaughan, Brian K.",Fiona Staples,"=""1607066017""","=""9781607066019""",0,4.16,Image Comics,Paperback,160,2012,2012,,2024/04/07,to-read,to-read (#59),to-read,,,,0,0
135987469,Bourdieu - Une enquête algérienne,Pascal Génot,"Génot, Pascal",Olivier Thomas,"=""2368460764""","=""9782368460764""",5,4.31,STEINKIS,Paperback,244,2023,,2024/04/07,2024/02/09,,,read,,,,1,0
59853996,Proies,Andrée A. Michaud,"Michaud, Andrée A.",,"=""""","=""""",4,3.64,Québec Amérique,Paperback,338,2022,,2024/04/02,2024/04/02,,,read,,,,1,0
6570742,La Route,Cormac McCarthy,"McCarthy, Cormac",,"=""2757811614""","=""9782757811610""",0,4.00,Points,Mass Market Paperback,256,2009,2006,,2024/04/01,to-read,to-read (#58),to-read,,,,0,0
54765790,A.B.C. contre Poirot,Frédéric Brrémaud,"Brrémaud, Frédéric","Alberto Zanon, Agatha Christie","=""2889325253""","=""9782889325252""",3,3.84,Paquet,Hardcover,64,2020,,2022/07/20,2022/07/17,,,read,,,,1,0
1391239,Brüsel (Obscure Cities),François Schuiten,"Schuiten, François",Benoît Peeters,"=""1561632910""","=""9781561632916""",4,3.76,Nbm Pub Co,Hardcover,119,2003,1992,2024/03/23,2024/03/23,,,read,,,,1,0
16163138,Du vent dans les branches de sassafras,René de Obaldia,"Obaldia, René de",,"=""""","=""""",2,3.95,Le Livre de Poche,Paperback,187,1972,1966,2024/03/21,2024/03/16,,,read,,,,1,0
60371110,Les abeilles grises,Andrey Kurkov,"Kurkov, Andrey","Andreï Kourkov, Paul Lequesne","=""""","=""9791034905102""",4,4.06,LIANA LÉVI,Paperback,432,2022,2018,2024/03/11,2024/02/25,,,read,,,,1,0
17935537,Kaze no Shō: Le livre du vent,Kan Furuyama,"Furuyama, Kan",Jirō Taniguchi,"=""2845382928""","=""9782845382923""",4,3.54,Panini Comics (Coll. Génération Comics),Paperback,240,2004,1992,2024/02/13,2024/02/13,,,read,,,,1,0
123693556,Astra Nova,Lisa Blumen,"Blumen, Lisa",,"=""2390041027""","=""9782390041023""",5,4.06,Employe Du Moi,Hardcover,176,2023,2023,2024/02/11,2024/02/11,,,read,,,,1,0
60112055,Le banquier anarchiste,Fernando Pessoa,"Pessoa, Fernando",Françoise Laye,"=""2267043505""","=""9782267043501""",5,3.76,BOURGOIS,Pocket Book,120,2021,1922,2022/03/19,2022/03/19,,,read,,,,1,0
57767248,Le Prieuré de l'oranger : Partie 2,Samantha Shannon,"Shannon, Samantha",,"=""2290255858""","=""9782290255858""",3,4.20,J'ai Lu,Mass Market Paperback,601,2021,2019,2024/01/23,2024/01/20,,,read,,,,1,0
2777494,Le Bracelet de Cohars (Les Forêts d'Opale #1),Christophe Arleston,"Arleston, Christophe",Philippe Pellet,"=""284565829X""","=""9782845658295""",3,3.82,Soleil,Hardcover,46,2004,2000,2024/01/13,2024/01/13,,,read,,,,1,0
50930622,"Le Grimoire Glouton (Danthrakon, #1)",Christophe Arleston,"Arleston, Christophe",Olivier Boiscommun,"=""""","=""9782490735020""",0,3.81,Drakoo,Hardcover,46,2019,2019,,2024/01/13,to-read,to-read (#57),to-read,,,,0,0
123679022,"Hiver, à l'Opéra",Philippe Pelaez,"Pelaez, Philippe",Alexis Chabert,"=""2818996937""","=""9782818996935""",2,3.51,Bamboo Édition,Hardcover,72,2023,2023,2024/01/08,2024/01/02,,,read,,,,1,0
123206298,"Murtagh (The Inheritance Cycle, #5)",Christopher Paolini,"Paolini, Christopher",,"=""1774882965""","=""9781774882993""",0,4.14,Penguin Teen Canada,Kindle Edition,688,2023,2023,,2024/01/05,to-read,to-read (#56),to-read,,,,0,0
148693022,"L'Ennemi du genre humain (L'Ombre des Lumières, #1)",Alain Ayroles,"Ayroles, Alain",Richard Guérineau,"=""2413078541""","=""9782413078548""",3,3.32,Delcourt,Hardcover,72,2023,2023,2024/01/02,2024/01/02,,,read,,,,1,0
6467001,La guerre de Troie n'aura pas lieu,Jean Giraudoux,"Giraudoux, Jean","Françoise Létoublon, Marie-Odile Boucris, Agnès Guinchard, Vianella Guyot","=""2035844576""","=""9782035844576""",4,3.77,Larousse,Mass Market Paperback,240,2009,1935,2023/12/19,2023/12/19,,,read,,,,1,0
2719293,La Caste des Méta-Barons : L'intégrale,Alejandro Jodorowsky,"Jodorowsky, Alejandro",Juan Giménez,"=""2731663308""","=""9782731663303""",3,4.19,Les Humanoïdes Associés,Hardcover,528,2003,2003,2023/12/17,2023/12/17,,,read,,,,1,0
58941627,La Pierre Jaune,Geoffrey Le Guilcher,"Guilcher, Geoffrey Le",,"=""""","=""9791096906260""",0,3.47,GOUTTE DOR,Paperback,432,2021,,,2022/04/20,to-read,to-read (#34),to-read,,,,0,0
36281785,Ces jours qui disparaissent,Timothé Le Boucher,"Boucher, Timothé Le",,"=""2344013326""","=""9782344013328""",4,4.38,Glénat,Hardcover,192,2017,2017,2023/11/20,2022/06/01,,,read,,,,1,0
24481108,"Monsieur Caulard (D, #3)",Alain Ayroles,"Ayroles, Alain","Bruno Maïorana, Thierry Leprevost","=""2756034142""","=""9782756034140""",4,3.67,Glénat,Hardcover,64,2014,2014,2023/11/13,2023/11/13,,,read,,,,1,0
13185058,"Lady d'Angères (D, #2)",Alain Ayroles,"Ayroles, Alain","Bruno Maïorana, Thierry Leprévost","=""2756019607""","=""9782756019604""",4,3.43,Delcourt,Hardcover,55,2011,2013,2023/11/13,2023/11/13,,,read,,,,1,0
6914906,"Lord Faureston (D, #1)",Alain Ayroles,"Ayroles, Alain","Bruno Maïorana, Thierry Leprévost","=""275600412X""","=""9782756004129""",4,3.29,Delcourt,Hardcover,64,2009,2009,2023/11/13,2023/11/13,,,read,,,,1,0
33186584,"Je Crie a Toutes Gens Merci (Je, François Villon #3)",Luigi Critone,"Critone, Luigi",Jean Teulé,"=""2756024716""","=""9782756024714""",4,3.38,DELCOURT,Hardcover,72,2016,,2023/11/06,2023/11/06,,,read,,,,1,0
25997696,"Bienvenue parmi les ignobles (Je, François Villon #2)",Luigi Critone,"Critone, Luigi",Jean Teulé,"=""2756024708""","=""9782756024707""",3,3.09,Delcourt,Hardcover,72,2014,2014,2023/11/06,2023/11/06,,,read,,,,1,0
53354557,Les Groseilles de novembre,Andrus Kivirähk,"Kivirähk, Andrus",Antoine Chalvin,"=""2370552026""","=""9782370552020""",3,4.09,Le Tripode,Paperback,290,2019,2000,2023/11/02,2023/04/11,,,read,,,,1,0
137399878,Klara et le Soleil,Kazuo Ishiguro,"Ishiguro, Kazuo",Anne Rabinovitch,"=""2073002315""","=""9782073002310""",3,3.74,FOLIO,Pocket Book,432,2023,2021,2023/10/29,2023/10/29,,,read,,,,1,0
125210643,Monstres ordinaires (La Trilogie des talents #1),J.M. Miro,"Miro, J.M.",Thibaud Eliroff,"=""237876264X""","=""9782378762643""",3,3.78,DE SAXUS,Paperback,704,2023,2022,2023/10/14,2023/10/05,,,read,,,,1,0
17373458,"Mais où sont les neiges d'antan ? (Je, François Villon #1)",Luigi Critone,"Critone, Luigi",Jean Teulé,"=""2756017094""","=""9782756017099""",3,3.03,Delcourt,Hardcover,72,2011,2011,2023/09/24,2023/09/24,,,read,,,,1,0
29346108,Nous ne dirons rien de leurs femelles,Wilfrid Lupano,"Lupano, Wilfrid",Xavier Fourquemin,"=""2749307988""","=""9782749307985""",4,4.05,Vents d'Ouest,Hardcover,56,2016,2016,2023/09/23,2023/09/23,,,read,,,,1,0
29350162,Les éléphants rouges,Wilfrid Lupano,"Lupano, Wilfrid",Lucy Mazel,"=""2749307090""","=""9782749307091""",3,4.02,Vents d'Ouest,Hardcover,56,2015,2015,2023/09/23,2023/09/23,,,read,,,,1,0
28103334,L'aristocrate fantôme,Wilfrid Lupano,"Lupano, Wilfrid",Anthony Jean,"=""2749307538""","=""9782749307534""",4,3.75,VENTS D'OUEST,Hardcover,56,2015,2015,2023/09/20,2023/09/20,,,read,,,,1,0
1296090,Le combat ordinaire (Le combat ordinaire #1),Manu Larcenet,"Larcenet, Manu",,"=""2205054252""","=""9782205054255""",5,4.14,Dargaud,Hardcover,54,2003,2003,2020/09/14,2020/09/14,,,read,,,,2,0
63276055,Quartier lointain,Jirō Taniguchi,"Taniguchi, Jirō",,"=""2203211636""","=""9782203211636""",5,4.40,Casterman,Paperback,408,2022,1998,2023/09/14,2023/09/10,,,read,,,,1,0
58432644,Nous sommes l'étincelle,Vincent Villeminot,"Villeminot, Vincent",,"=""2266318578""","=""9782266318570""",0,3.84,POCKET,Pocket Book,536,2021,,,2023/09/12,to-read,to-read (#55),to-read,,,,0,0
22019317,"Ceux qui restent  (Les vieux fourneaux, #1)",Wilfrid Lupano,"Lupano, Wilfrid",Paul Cauuet,"=""2505019932""","=""9782505019930""",4,4.29,Dargaud,Hardcover,56,2014,2014,2023/09/10,2023/09/10,,,read,,,,1,0
44540109,Solo : chemins tracés T01 : Fortuna (French Edition),Óscar Martín,"Martín, Óscar",Álvaro Iglesias,"=""""","=""""",3,3.67,Delcourt,Kindle Edition,82,2019,2017,2023/09/10,2023/07/26,,,read,,,,1,0
52258928,"La chair et le sang (Médée, #4)",Blandine Le Callet,"Callet, Blandine Le","Nancy Peña, Céline Badaroux","=""""","=""9782203141391""",5,4.35,Casterman,Hardcover,108,2019,,2023/09/10,2023/09/10,,,read,,,,1,0
31111921,"L'épouse barbare (Médée, #3)",Blandine Le Callet,"Callet, Blandine Le",Nancy Peña,"=""2203097167""","=""9782203097162""",4,4.15,Casterman,Paperback,64,2016,2016,2023/09/02,2023/09/02,,,read,,,,1,0
18720423,Nager sans se mouiller,Carlos Salem,"Salem, Carlos",,"=""2742799605""","=""9782742799602""",0,3.77,Actes Sud,Mass Market Paperback,293,2011,2008,,2023/08/06,to-read,to-read (#54),to-read,,,,0,0
201497,بحثاً عن الزمن المفقود - جانب منازل سوان,Marcel Proust,"Proust, Marcel",,"=""""","=""""",4,4.16,منشورات الجمل,Paperback,623,2019,1913,2013/09/28,2013/07/18,,,read,,,,1,0
121536,La nuit de Valognes,Éric-Emmanuel Schmitt,"Schmitt, Éric-Emmanuel",,"=""286943328X""","=""9782869433281""",3,3.60,Actes sud-Papiers,Paperback,87,1991,1991,2019/06/14,2019/08/14,,,read,,,,1,0
19070132,"L'ombre d'Hécate (Médée, #1)",Blandine Le Callet,"Callet, Blandine Le",Nancy Peña,"=""2203058196""","=""9782203058194""",3,4.12,Casterman,Hardcover,66,2013,2013,2023/07/25,2023/07/25,,,read,,,,1,0
71459,Mercure,Amélie Nothomb,"Nothomb, Amélie",,"=""225314911X""","=""9782253149118""",4,3.70,Livre De Poche,Mass Market Paperback,188,2000,1998,,2013/06/17,,,read,,,,1,0
1289990,Vol de nuit,Antoine de Saint-Exupéry,"Saint-Exupéry, Antoine de",,"=""2070360040""","=""9782070360048""",4,3.79,Gallimard,Mass Market Paperback,188,1972,1931,2010/01/01,2023/07/18,,,read,,,,1,0
28001086,Give Peace A Chance: London 1963-75,Marcelino Truong,"Truong, Marcelino",,"=""2207117944""","=""9782207117941""",0,3.90,Éditions Denoël,Paperback,276,2015,2015,,2023/07/09,to-read,to-read (#53),to-read,,,,0,0
136345913,Mon mari,Maud Ventura,"Ventura, Maud",,"=""2493909216""","=""9782493909213""",3,3.65,Collection Proche,Mass Market Paperback,270,2023,2021,2023/07/04,2023/07/04,,,read,,,,1,0
13012647,Wadlow: La Trop Courte Destinée De L'homme Le Plus Grand Du Monde,Christophe Bec,"Bec, Christophe",Nicolas Sure,"=""2302009509""","=""9782302009509""",4,3.67,Soleil,Hardcover,64,2010,2010,2023/06/25,2023/06/25,,,read,,,,1,0
63335709,"L'apothicaire du diable (1629 ou l'effrayante histoire des naufragés du Jakarta, #1)",Xavier Dorison,"Dorison, Xavier",Thimothée Montaigne,"=""""","=""""",4,4.16,Glénat,Hardcover,136,2022,2022,2023/06/24,2023/06/05,,,read,,,,1,0
17340380,Le Dîner,Herman Koch,"Koch, Herman",Isabelle Rosselin,"=""""","=""""",3,3.21,10/18,Mass Market Paperback,360,2013,2009,2023/06/19,2023/06/16,,,read,,,,1,0
33186759,"Lune de miel à l'âge de bronze (Chronosquad, #1)",Giorgio Albertini,"Albertini, Giorgio",Grégory Panaccione,"=""2756074136""","=""9782756074139""",3,3.78,DELCOURT,Hardcover,240,2016,2016,2023/06/11,2023/06/11,,,read,,,,1,0
55131681,Trencadis (French Edition),Caroline Deyns,"Deyns, Caroline",,"=""2374911594""","=""9782374911595""",0,4.18,Quidam Editeur,Kindle Edition,282,2020,2020,,2023/06/05,to-read,to-read (#52),to-read,,,,0,0
32600144,S'enfuir - Récit d'un otage,Guy Delisle,"Delisle, Guy",,"=""2205075470""","=""9782205075472""",3,4.09,Dargaud,Paperback,432,2016,2016,2023/06/04,2023/06/04,,,read,,,,1,0
16162363,La bonne moitié,Romain Gary,"Gary, Romain",,"=""2072080371""","=""9782072080371""",4,3.50,Gallimard,Kindle Edition,160,2014,1979,2023/05/30,2023/05/30,,,read,,,,1,0
57521932,"Le choix du chômage : De Pompidou à Macron, enquête sur les racines de la violence économique",Benoît Collombat,"Collombat, Benoît",Damien Cuvillier,"=""2754825452""","=""9782754825450""",3,4.12,Futuropolis,Hardcover,289,2021,,2023/05/29,2022/04/03,,,read,,,,1,0
94333671,La couleur des choses,Martin Panchaud,"Panchaud, Martin",,"=""""","=""""",4,4.09,CA ET LA,Hardcover,236,2022,2022,2023/05/21,2023/03/26,,,read,,,,1,0
78248448,Les Aventures extraordinaires de Nelson Lobster T03: L'OEil de Zaya,CORBEYRAN-E+CALVEZ-F,"CORBEYRAN-E+CALVEZ-F, CORBEYRAN-E+CALVEZ-F",,"=""2756014885""","=""9782756014883""",2,2.00,DELCOURT,Paperback,47,2008,,2023/05/18,2023/05/18,,,read,,,,1,0
78244760,Les Aventures extraordinaires de Nelson Lobster T02: Les Enfants d'Orqueline,CORBEYRAN-E+CALVEZ-F,"CORBEYRAN-E+CALVEZ-F, CORBEYRAN-E+CALVEZ-F",,"=""2756005665""","=""9782756005669""",2,2.00,DELCOURT,Paperback,56,2008,,2023/05/18,2023/05/15,,,read,,,,1,0
43276328,Les Aventures extraordinaires de Nelson Lobster T01: L'Île des Lestrygons,CORBEYRAN-E+CALVEZ-F,"CORBEYRAN-E+CALVEZ-F, CORBEYRAN-E+CALVEZ-F",,"=""2756003522""","=""9782756003528""",2,2.50,DELCOURT,Paperback,55,2007,,2023/05/16,2023/05/15,,,read,,,,1,0
48584759,Lâcher Prise (Ralph Azham #12),Lewis Trondheim,"Trondheim, Lewis",,"=""1034736876""","=""9791034736874""",4,4.18,Dupuis,Hardcover,48,2019,2019,2023/05/08,2023/05/08,,,read,,,,1,0
40405383,"L'engrenage (Ralph Azham, #11)",Lewis Trondheim,"Trondheim, Lewis",,"=""2800174064""","=""9782800174068""",4,4.09,DUPUIS,Paperback,48,2018,2018,2023/05/08,2023/05/08,,,read,,,,1,0
40405382,Ralph Azham - Tome 10 - Un feu qui meurt,Lewis Trondheim,"Trondheim, Lewis",,"=""2800170344""","=""9782800170343""",3,4.06,DUPUIS,Paperback,48,2017,2017,2023/05/08,2023/05/08,,,read,,,,1,0
33304309,"Point de rupture (Ralph Azham, #9)",Lewis Trondheim,"Trondheim, Lewis",Brigitte Findakly,"=""2800167025""","=""9782800167022""",4,4.05,Dupuis,Hardcover,48,2016,2016,2023/05/08,2023/05/08,,,read,,,,1,0
59822795,Connemara,Nicolas Mathieu,"Mathieu, Nicolas",,"=""2330159706""","=""9782330159702""",4,3.78,Actes Sud,Hardcover,400,2022,2022,2023/04/10,2023/03/14,,,read,,,,1,0
28504794,"Personne n'attrape jamais une rivière (Ralph Azham, #8)",Lewis Trondheim,"Trondheim, Lewis",,"=""2800163585""","=""9782800163581""",3,4.00,Dupuis,Hardcover,46,2015,2015,2023/05/07,2023/05/07,,,read,,,,1,0
23654614,"Une fin à toute chose (Ralph Azham, #7)",Lewis Trondheim,"Trondheim, Lewis",,"=""2800162775""","=""9782800162775""",3,4.00,Dupuis,Hardcover,48,2014,2014,2023/05/07,2023/05/07,,,read,,,,1,0
60162298,Le Caravage - Intégrale,Milo Manara,"Manara, Milo",,"=""2344050485""","=""9782344050484""",4,4.31,GLENAT,Hardcover,120,2021,,2023/05/05,2023/05/01,,,read,,,,1,0
62082447,Journal inquiet d'Istanbul - Volume 1,Ersin Karabulut,"Karabulut, Ersin",Didier Pasamonik,"=""220508576X""","=""9782205085761""",4,4.39,Dargaud,Paperback,152,2022,2022,2023/05/01,2023/05/01,,,read,,,,1,0
6240283,L'Homme au complet marron,Agatha Christie,"Christie, Agatha",,"=""2253024236""","=""9782253024231""",3,3.95,Le Livre de Poche,Mass Market Paperback,252,2010,1924,,2013/04/11,,,read,,,,1,0
62601131,Lettre à un jeune comédien: Je dis donc je suis (French Edition),Philippe Torreton,"Torreton, Philippe",,"=""""","=""9791021054141""",4,4.40,Tallandier,Kindle Edition,166,2022,,2023/04/19,2023/04/17,,,read,,,,1,0
20815569,"L'ennemi de mon ennemi (Ralph Azham, #6)",Lewis Trondheim,"Trondheim, Lewis",,"=""2800157542""","=""9782800157542""",3,4.02,Dupuis,Hardcover,48,2014,2014,2023/04/17,2023/04/16,,,read,,,,1,0
23393608,"Survivants : Anomalies Quantiques, épisode 3 (Survivants : Anomalies Quantiques, #3)",Luiz Eduardo de Oliveira (Leo),"(Leo), Luiz Eduardo de Oliveira",,"=""2205071351""","=""9782205071351""",3,4.00,Dargaud,Hardcover,48,2014,2014,2023/04/16,2023/04/16,,,read,,,,1,0
17458542,"Survivants: Anomalies Quantiques, épisode 2",Luiz Eduardo de Oliveira (Leo),"(Leo), Luiz Eduardo de Oliveira",,"=""2205069969""","=""9782205069969""",3,4.05,Dargaud,Hardcover,48,2012,2012,2023/04/16,2023/04/16,,,read,,,,1,0
10351725,"Survivants : Anomalies Quantiques, épisode 1 (Survivants : Anomalies Quantiques, #1)",Luiz Eduardo de Oliveira (Leo),"(Leo), Luiz Eduardo de Oliveira",,"=""2205065246""","=""9782205065244""",3,3.92,Dargaud,Hardcover,48,2011,2011,2023/04/16,2023/04/16,,,read,,,,1,0
18272015,"Le Pays des Démons Bleus (Ralph Azham, #5)",Lewis Trondheim,"Trondheim, Lewis",,"=""2800157178""","=""9782800157177""",3,4.16,Dupuis,Hardcover,46,2013,2013,2023/04/16,2023/04/16,,,read,,,,1,0
18272009,"Un caillou enterré n'apprend jamais rien (Ralph Azham, #4)",Lewis Trondheim,"Trondheim, Lewis",,"=""280015070X""","=""9782800150703""",3,4.09,Dupuis,Hardcover,50,2012,2012,2023/04/16,2023/04/16,,,read,,,,1,0
14060620,"Noires Sont les Etoiles (Ralph Azham, #3)",Lewis Trondheim,"Trondheim, Lewis",,"=""2800150998""","=""9782800150994""",3,4.03,Dupuis,Hardcover,48,2012,2012,2023/04/16,2023/04/16,,,read,,,,1,0
12480968,"La Mort Au Début Du Chemin (Ralph Azham, #2)",Lewis Trondheim,"Trondheim, Lewis",Brigitte Findakly,"=""2800150262""","=""9782800150260""",3,4.02,DUPUIS,Hardcover,48,2011,2011,2023/04/16,2023/04/16,,,read,,,,1,0
10929584,"Est-ce qu'on ment aux gens qu'on aime? (Ralph Azham, #1)",Lewis Trondheim,"Trondheim, Lewis",Brigitte Findakly,"=""2800149922""","=""9782800149929""",3,3.83,Dupuis,Hardcover,48,2011,2011,2023/04/16,2020/09/17,,,read,,,,1,0
34828230,Le Port des marins perdus,Teresa Radice,"Radice, Teresa",Stefano Turconi,"=""2344014756""","=""9782344014752""",4,4.46,Glenat,Hardcover,320,2016,2015,2023/04/10,2023/04/03,,,read,,,,1,0
34666830,Petit traité d'écologie sauvage,Alessandro Pignocchi,"Pignocchi, Alessandro",,"=""2368461078""","=""9782368461075""",4,4.01,Steinkis,Paperback,128,2017,2017,2023/04/08,2022/11/24,,,read,,,,1,0
87328,Le diable et le bon dieu,Jean-Paul Sartre,"Sartre, Jean-Paul","Felice Dessì, Paolo Caruso","=""2070368696""","=""9782070368693""",5,4.07,Folio,Mass Market Paperback,256,1972,1951,2023/04/05,2023/04/01,,,read,,,,1,0
8598027,"Britney Forever (Le Stéréo Club, #1)",Hervé Bourhis,"Bourhis, Hervé",Rudy Spiessert,"=""2205055658""","=""9782205055658""",2,3.25,Dargaud,Hardcover,48,2004,2004,,2023/03/19,,,read,,,,2,0
30760215,L'Indicible (Le Rapport de Brodeck #2),Manu Larcenet,"Larcenet, Manu",,"=""2205075403""","=""9782205075403""",4,4.50,Dargaud,Hardcover,168,2016,2016,2023/03/11,2023/03/06,,,read,,,,1,0
25595838,L'Autre (Le Rapport de Brodeck #1),Manu Larcenet,"Larcenet, Manu",,"=""2205073850""","=""9782205073850""",4,4.38,Dargaud,Hardcover,160,2015,2015,2023/03/06,2023/02/13,,,read,,,,1,0
31814945,"Le jour où le bus est reparti sans elle (Le jour où, #1)",BéKa,"BéKa, BéKa","Marko, Maëla Cosson","=""2818936020""","=""9782818936023""",0,4.02,Bamboo Édition,Hardcover,70,2016,2016,,2023/02/17,to-read,to-read (#51),to-read,,,,0,0
8658872,La Guerre d'Alan. D'après les souvenirs d'Alan Ingram Cope,Emmanuel Guibert,"Guibert, Emmanuel",,"=""2844143148""","=""9782844143143""",4,4.03,L'Association,Paperback,300,2009,2000,2023/02/08,2023/01/29,,,read,,,,1,0
59352179,La vache brulée (Saint-Elme #01),Serge Lehman,"Lehman, Serge",Frederik Peeters,"=""2413030174""","=""9782413030171""",0,3.73,Delcourt,Hardcover,80,2021,2021,,2022/11/21,to-read,to-read (#50),to-read,,,,0,0
18487675,Noah,Sebastian Fitzek,"Fitzek, Sebastian",,"=""3785724829""","=""9783785724828""",0,3.90,Bastei Lübbe,Hardcover,559,2013,2013,,2023/01/31,to-read,to-read (#49),to-read,,,,0,0
2161733,"Child 44 (Leo Demidov, #1)",Tom Rob Smith,"Smith, Tom Rob",,"=""0446402397""","=""9780446402392""",0,4.11,Grand Central Publishing,Mass Market Paperback,509,2009,2008,,2023/01/31,to-read,to-read (#48),to-read,,,,0,0
1992894,Garulfo - Intégrale Livre deuxième,Alain Ayroles,"Ayroles, Alain",Bruno Maïorana,"=""2847895124""","=""9782847895124""",4,4.56,Delcourt,Hardcover,196,2004,2012,2023/01/30,2022/11/17,,,read,,,,1,0
61175814,Le Roi n'avait pas ri,Guillaume Meurice,"Meurice, Guillaume",,"=""2253106496""","=""9782253106494""",3,3.90,LGF,Pocket Book,240,2022,,2022/11/05,2022/10/26,,,read,,,,1,0
60173626,"La Crue (Blackwater, #1)",Michael McDowell,"McDowell, Michael","Yoko Lacour, Hélène Charrier","=""2381960457""","=""9782381960456""",2,3.70,Monsieur Toussaint Louverture,Mass Market Paperback,250,2022,1983,2023/01/04,2023/01/02,,,read,,,,1,0
60115681,Histoires de la nuit,Laurent Mauvignier,"Mauvignier, Laurent",,"=""2707347264""","=""9782707347268""",4,3.74,Minuit ,Mass Market Paperback,608,2022,2020,2023/01/02,2023/01/02,,,read,,,,1,0
2110174,Matin Brun,Franck Pavloff,"Pavloff, Franck",,"=""2744406422""","=""9782744406423""",4,3.82,Grand caractère,Paperback,18,2005,1998,2022/12/27,2022/12/27,,,read,,,,1,0
1056422,La Pitié dangereuse,Stefan Zweig,"Zweig, Stefan",Alzir Hella,"=""2246087155""","=""9782246087151""",0,4.26,Grasset,Paperback,350,2002,1939,,2022/12/24,to-read,to-read (#47),to-read,,,,0,0
1289435,Typhon,Joseph Conrad,"Conrad, Joseph",,"=""207036416X""","=""9782070364169""",3,3.64,Gallimard,Pocket Book,153,1973,1902,2022/12/21,2022/10/15,,,read,,,,1,0
277673,Jacques et son maître,Milan Kundera,"Kundera, Milan",,"=""2070405834""","=""9782070405831""",5,3.74,FOLIO,Pocket Book,144,1998,1971,2022/12/19,2022/12/08,,,read,,,,1,0
44238971,La femme aux cheveux roux,Orhan Pamuk,"Pamuk, Orhan",Valérie Gay-Aksoy,"=""2072720044""","=""9782072720048""",0,3.74,Gallimard,Broché,304,2019,2016,,2020/09/16,to-read,to-read (#46),to-read,,,,0,0
33080495,L'Apocalypse différée,Dario Fo,"Fo, Dario",,"=""2213643865""","=""9782213643861""",0,4.00,FAYARD,Paperback,224,2010,,,2022/12/11,to-read,to-read (#45),to-read,,,,0,0
63314561,Celle qui fit le bonheur des insectes (French Edition),Zidrou,"Zidrou, Zidrou",,"=""2356741488""","=""9782356741486""",2,3.39,Daniel Maghen,Kindle Edition,0,2022,2022,2022/12/05,2022/12/05,,,read,,,,1,0
44317102,Dans un rayon de soleil,Tillie Walden,"Walden, Tillie",,"=""207510882X""","=""9782075108829""",4,4.30,Gallimard,Paperback,537,2019,2018,2022/11/27,2022/11/07,,,read,,,,1,0
26230160,"Antarès, épisode 6 (Antarès, #6)",Luiz Eduardo de Oliveira (Leo),"(Leo), Luiz Eduardo de Oliveira",,"=""2205073974""","=""9782205073973""",3,4.04,DARGAUD,Hardcover,55,2015,2015,2022/11/16,2022/11/16,,,read,,,,1,0
18667456,"Antarès, épisode 5 (Antarès, #5)",Luiz Eduardo de Oliveira (Leo),"(Leo), Luiz Eduardo de Oliveira",,"=""2205071270""","=""9782205071276""",3,4.10,Dargaud,Hardcover,48,2013,2013,2022/11/16,2022/11/16,,,read,,,,1,0
12932679,"Antarès, épisode 4 (Antarès, #4)",Luiz Eduardo de Oliveira (Leo),"(Leo), Luiz Eduardo de Oliveira",,"=""2205067656""","=""9782205067651""",4,4.08,Dargaud,Hardcover,48,2011,2011,2022/11/15,2022/11/15,,,read,,,,1,0
7841462,"Antarès, épisode 3",Luiz Eduardo de Oliveira (Leo),"(Leo), Luiz Eduardo de Oliveira",,"=""2205063715""","=""9782205063714""",4,4.10,Dargaud,Hardcover,48,2010,2010,2022/11/15,2022/11/15,,,read,,,,1,0
43814743,"Entre l'espoir et le fromage (Traquemage, #3)",Wilfrid Lupano,"Lupano, Wilfrid",Relom,"=""2413013016""","=""9782413013013""",3,3.72,Delcourt,Hardcover,56,2019,2019,2022/11/13,2022/11/13,,,read,,,,1,0
37750727,"Le chant vaseux de la sirène (Traquemage, #2)",Wilfrid Lupano,"Lupano, Wilfrid",Relom,"=""2756074829""","=""9782756074825""",3,3.79,Delcourt,Hardcover,56,2017,2017,2022/11/11,2022/11/11,,,read,,,,1,0
5145807,Bug (#3),Enki Bilal,"Bilal, Enki",,"=""2203202289""","=""9782203202283""",3,3.51,CASTERMAN,Hardcover,78,2022,2022,2022/11/06,2022/11/06,,,read,,,,1,0
45440726,Bug (#2),Enki Bilal,"Bilal, Enki",,"=""2203163615""","=""9782203163614""",3,3.58,Casterman,Hardcover,76,2019,2019,2022/11/06,2022/11/06,,,read,,,,1,0
26702993,"Le Serment des pécadous (Traquemage, #1)",Wilfrid Lupano,"Lupano, Wilfrid",Relom,"=""2756064645""","=""9782756064642""",4,3.92,Delcourt,Hardcover,56,2015,2015,2022/11/06,2022/11/06,,,read,,,,1,0
36650167,Bug (#1),Enki Bilal,"Bilal, Enki",,"=""220310578X""","=""9782203105782""",3,3.63,Casterman,Hardcover,86,2017,2017,2022/11/02,2022/10/31,,,read,,,,1,0
45857110,Le loup,Jean-Marc Rochette,"Rochette, Jean-Marc",,"=""2203196777""","=""9782203196773""",4,4.06,Casterman,Hardcover,112,2019,2019,2022/10/25,2022/10/06,,,read,,,,1,0
59148048,"La ferme des animaux (Folio classique, 6982)",George Orwell,"Orwell, George","Philippe Jaworski, Jean Queval, Hervé Le Tellier","=""2072947405""","=""9782072947407""",4,4.01,FOLIO,Pocket Book,215,2021,1945,2022/10/24,2022/10/06,,,read,,,,1,0
6687706,"Étrange Université (Freaks' Squeele, #1)",Florent Maudoux,"Maudoux, Florent",,"=""291673936X""","=""9782916739366""",3,4.16,Ankama,Hardcover,140,2008,2008,2022/10/23,2022/10/22,,,read,,,,1,0
42329067,Le Problème à trois corps,Liu Cixin,"Cixin, Liu",Gwennaël Gaffric,"=""2330113552""","=""9782330113551""",4,4.08,Actes Sud,Mass Market Paperback,500,2018,2006,2022/08/09,2022/08/05,,,read,,,,1,0
1992880,"De Mal en Pis (Garulfo, #2)",Bruno Maïorana,"Maïorana, Bruno",Alain Ayroles,"=""2840550873""","=""9782840550877""",4,4.08,DELCOURT,Hardcover,48,2004,1996,2022/10/22,2022/10/22,,,read,,,,1,0
1992870,De mares en châteaux (Garulfo #1),Alain Ayroles,"Ayroles, Alain",Bruno Maïorana,"=""2840550458""","=""9782840550457""",4,3.85,Delcourt,Hardcover,48,1995,1995,2022/10/22,2022/10/22,,,read,,,,1,0
27829608,"Okko, Tome 10 : Le cycle du vide II (Okko #10)",Hub,"Hub, Hub",,"=""2756041319""","=""9782756041315""",3,4.34,Delcourt,Hardcover,64,2015,2015,2022/10/18,2022/10/18,,,read,,,,1,0
22669339,"Okko, Tome 9 : Le cycle du vide I (Okko #9)",Hub,"Hub, Hub",,"=""2756032611""","=""9782756032610""",4,4.32,Delcourt,Hardcover,63,2014,2014,2022/10/18,2022/10/18,,,read,,,,1,0
17260947,"Okko, Tome 8 : Le cycle du feu II (Okko #8)",Hub,"Hub, Hub",,"=""2756024376""","=""9782756024370""",2,4.20,Delcourt,Hardcover,64,2012,2012,2022/10/17,2022/10/17,,,read,,,,1,0
13023502,"Okko, Tome 7 : Le cycle du feu I (Okko, #7)",Hub,"Hub, Hub","Emmanuel Michalak, Li","=""2756024368""","=""9782756024363""",3,4.15,Delcourt,Hardcover,64,2011,2011,2022/10/17,2022/10/17,,,read,,,,1,0
8340938,"Okko, Tome 6 : Le cycle de l'air II (Okko #6)",Hub,"Hub, Hub",,"=""2756019860""","=""9782756019864""",3,4.07,Delcourt,Hardcover,46,2010,2010,2022/10/16,2022/10/16,,,read,,,,1,0
6640852,"Okko, Tome 5 : Le cycle de l'air I (Okko #5)",Hub,"Hub, Hub",,"=""2756015857""","=""9782756015859""",4,4.06,Delcourt,Hardcover,47,2009,2009,2022/10/16,2022/10/16,,,read,,,,1,0
3365833,"Okko, Tome 4 : Le cycle de la terre II (Okko #4)",Hub,"Hub, Hub",,"=""2756008672""","=""9782756008677""",3,3.81,Delcourt,Hardcover,56,2008,2008,2022/10/16,2022/10/16,,,read,,,,1,0
11729670,Brassens ou la liberté,Joann Sfar,"Sfar, Joann",Clémentine Deroudille,"=""2205066978""","=""9782205066975""",0,3.88,Dargaud ;Cité de la musique,Hardcover,336,2011,2011,,2022/10/15,currently-reading,currently-reading (#3),currently-reading,,,,1,0
7737963,"Okko, Tome 3 :  Le cycle de la terre I (Okko #3)",Hub,"Hub, Hub",,"=""2756003204""","=""9782756003207""",3,3.70,Delcourt,Hardcover,48,2007,2007,2022/10/15,2022/10/15,,,read,,,,1,0
3180768,La Ballade de la geôle de Reading précédé de Poèmes,Oscar Wilde,"Wilde, Oscar",,"=""2070307565""","=""9782070307562""",0,3.91,Folio 2 Euros,Mass Market Paperback,92,2005,,,2022/10/15,to-read,to-read (#43),to-read,,,,0,0
313381,Mon oncle Benjamin,Claude Tillier,"Tillier, Claude",,"=""2842610105""","=""9782842610104""",0,3.96,MOTIFS,Mass Market Paperback,353,1996,1842,,2022/10/15,to-read,to-read (#42),to-read,,,,0,0
59384971,Negalyod. Le dernier mot,Vincent Perriot,"Perriot, Vincent",,"=""2203202785""","=""9782203202788""",2,3.49,Casterman,Hardcover,196,2021,2021,2022/10/09,2022/10/09,,,read,,,,1,0
5741068,"Okko, Tome 2 :  Le cycle de l'eau II (Okko #2)",Hub,"Hub, Hub",,"=""2756000590""","=""9782756000596""",3,3.91,Delcourt,Hardcover,46,2006,2006,2022/10/09,2022/10/09,,,read,,,,1,0
2777392,"Okko, Tome 1 : Le cycle de l'eau I (Okko #1)",Hub,"Hub, Hub",,"=""2847891641""","=""9782847891645""",3,3.80,Delcourt,Hardcover,47,2004,2004,2022/10/09,2022/10/09,,,read,,,,1,0
55737408,"Subral (Noô, #2)",Laurent Genefort,"Genefort, Laurent",Alexis Sentenac,"=""""","=""""",2,2.25,Comix Buro,Kindle Edition,0,2020,,2022/10/09,2022/10/09,,,read,,,,1,0
52184466,"Soror (Noô, #1)",Laurent Genefort,"Genefort, Laurent",Alexis Sentenac,"=""2344031421""","=""9782344031421""",2,3.44,Comix Buro,Hardcover,56,2019,,2022/10/09,2022/10/09,,,read,,,,1,0
42083905,Déracinée,Naomi Novik,"Novik, Naomi",,"=""229015489X""","=""9782290154892""",3,4.02,J'ai Lu,Mass Market Paperback,509,2018,2015,2022/10/03,2022/09/04,,,read,,,,1,0
5995841,Les Pousse Au Jouir Du Maréchal Pétain,Gérard Miller,"Miller, Gérard",,"=""2020685876""","=""9782020685870""",0,0.0,Éditions du Seuil,Pocket Book,256,2004,2004,,2022/09/04,currently-reading,currently-reading (#2),currently-reading,,,,1,0
56583233,Le Démon de la colline aux loups,Dimitri Rouchon-Borie,"Rouchon-Borie, Dimitri",Clara Audureau,"=""2370552573""","=""9782370552570""",0,4.39,Le Tripode,Paperback,240,2021,2021,,2022/08/31,currently-reading,currently-reading (#1),currently-reading,,,,1,0
59237154,"La Tempête des échos (La Passe-Miroir, #4)",Christelle Dabos,"Dabos, Christelle",,"=""2072937248""","=""9782072937248""",3,3.74,Gallimard,Mass Market Paperback,704,2021,2019,2022/08/31,2022/08/25,,,read,,,,1,0
60806186,Koko n'aime pas le capitalisme et autres histoires,tienstiens,"tienstiens, tienstiens",,"=""2956690647""","=""9782956690641""",5,4.49,Bandes Détournées,Hardcover,120,2022,,2022/08/29,2022/08/14,,,read,,,,1,0
36452634,"Northern Lights (His Dark Materials, #1)",Philip Pullman,"Pullman, Philip",Christopher Wormell,"=""1407186108""","=""9781407186108""",5,4.03,Scholastic,Paperback,397,2017,1995,2021/04/15,2013/04/11,,,read,,,,1,0
11603298,"The Subtle Knife (His Dark Materials, #2)",Philip Pullman,"Pullman, Philip",,"=""1407130234""","=""9781407130231""",5,4.15,Scholastic,Paperback,325,2011,1997,2021/04/22,2013/04/11,,,read,,,,1,0
11785598,"The Amber Spyglass (His Dark Materials, #3)",Philip Pullman,"Pullman, Philip",,"=""1407130242""","=""9781407130248""",5,4.11,Scholastic,Paperback,522,2011,2000,2021/05/03,2013/04/11,,,read,,,,1,0
19034943,"The Secret Commonwealth (The Book of Dust, #2)",Philip Pullman,"Pullman, Philip",,"=""""","=""""",4,4.04,RHCP Digital,ebook,784,2019,2019,2021/08/30,2021/05/13,,,read,,,,1,0
1397743,La Horde du Contrevent,Alain Damasio,"Damasio, Alain",,"=""""","=""""",3,4.43,Gallimard,Mass Market Paperback,736,2007,2004,2017/01/01,2020/06/29,,,read,,,,1,0
864558,Le Livre de Joe,Jonathan Tropper,"Tropper, Jonathan",Nathalie Peronny,"=""2264045086""","=""9782264045089""",4,3.98,10/18,Mass Market Paperback,411,2007,2003,2020/06/15,2020/06/29,,,read,,,,1,0
29895698,Le Monde d'hier : Souvenirs d'un Européen,Stefan Zweig,"Zweig, Stefan",,"=""2070792196""","=""9782070792191""",5,4.51,Gallimard,Mass Market Paperback,590,2016,1942,2020/06/30,2020/06/30,,,read,,,,1,0
546813,"Arctic Nation (Blacksad, #2)",Juan Díaz Canales,"Canales, Juan Díaz",Juanjo Guarnido,"=""2205051997""","=""9782205051995""",3,4.37,Dargaud,Hardcover,60,2003,2003,2020/07/05,2020/07/05,,,read,,,,1,0
34089674,Au commencement était la colère... (Shi #1),Zidrou,"Zidrou, Zidrou",José Homs,"=""2505064415""","=""9782505064411""",2,3.86,Dargaud,Hardcover,56,2017,2017,2020/07/01,2020/07/05,,,read,,,,1,0
1674314,La Mouette,Anton Chekhov,"Chekhov, Anton","Antoine Vitez, Patrice Pavis","=""""","=""""",3,3.91,Livre de Poche,Pocket Book,160,1985,1895,2020/07/12,2020/07/12,,,read,,,,1,0
44653929,Les Furtifs,Alain Damasio,"Damasio, Alain",,"=""2370490748""","=""9782370490742""",5,3.95,La Volte,Paperback,687,2019,2019,2020/07/14,2020/07/15,,,read,,,,1,0
51136913,J'Irai cracher sur vos tombes,Boris Vian,"Vian, Boris",,"=""""","=""""",4,3.56,Christian Bourgois éditeur,Mass Market Paperback,224,2001,1946,2020/09/13,2020/07/15,,,read,,,,1,0
2616743,Tout peut arriver,Various,"Various, Various",,"=""2264047208""","=""9782264047205""",2,3.90,10/18,Mass Market Paperback,375,2008,2005,2020/08/16,2020/08/18,,,read,,,,1,0
16127552,L'odeur de la poussière chaude (Aâma #1),Frederik Peeters,"Peeters, Frederik",,"=""2070638103""","=""9782070638109""",4,3.83,Gallimard,Hardcover,88,2011,2011,2021/01/10,2020/08/20,,,read,,,,1,0
31868276,Shangri-La,Mathieu Bablet,"Bablet, Mathieu",,"=""2359109693""","=""9782359109696""",2,3.86,Ankama,Hardcover,222,2016,2016,2018/07/01,2020/08/20,,,read,,,,1,0
28077201,"Marco Polo, Tome 1: Le garçon qui vit ses rêves",Didier Convard,"Convard, Didier","Christian Clot, Éric Adam, Fabio Bono","=""2723495302""","=""9782723495301""",4,3.95,Glénat,Hardcover,56,2013,2013,2020/08/20,2020/08/20,,,read,,,,1,0
43680561,"Liberté (Révolution, #1)",Florent Grouazel,"Grouazel, Florent","Younn Locard, Thierry Groensteen, Christian Mattiucci","=""233011737X""","=""9782330117375""",4,3.96,ACTES SUD,Hardcover,336,2019,2019,2020/08/21,2020/08/21,,,read,,,,1,0
25915833,"Marco Polo, Tome 2: À la cour du Grand Khan",Didier Convard,"Convard, Didier","Christian Clot, Éric Adam, Fabio Bono, Dimitri Fogolin","=""2723499669""","=""9782723499668""",4,3.52,GLENAT,Hardcover,44,2014,2014,2020/08/21,2020/08/21,,,read,,,,1,0
2777382,"La planète (Bételgeuse, #1)",Luiz Eduardo de Oliveira (Leo),"(Leo), Luiz Eduardo de Oliveira",,"=""220504902X""","=""9782205049022""",4,4.09,Dargaud,Hardcover,48,2000,2000,2020/08/25,2020/08/26,,,read,,,,1,0
2777372,"Les survivants (Bételgeuse, #2)",Luiz Eduardo de Oliveira (Leo),"(Leo), Luiz Eduardo de Oliveira",,"=""2205049879""","=""9782205049879""",4,4.00,Dargaud,Hardcover,49,2001,2001,2020/08/26,2020/08/26,,,read,,,,1,0
26119402,Secrets - L'Angélus - Intégrale,Frank Giroud,"Giroud, Frank",José Homs,"=""2800160098""","=""9782800160092""",5,4.02,Dupuis ,Hardcover,114,2013,2011,2020/08/31,2020/08/31,,,read,,,,1,0
54394864,Impossible,Erri De Luca,"Luca, Erri De",,"=""2072860822""","=""9782072860829""",4,3.81,Gallimard,Paperback,176,2020,2019,2022/03/24,2020/09/23,,,read,,,,1,0
7570497,Petit bodiel,Amadou Hampâté Bâ,"Bâ, Amadou Hampâté",,"=""2266157884""","=""9782266157889""",4,4.04,POCKET,Pocket Book,224,2006,1976,2020/10/12,2020/10/12,,,read,,,,1,0
2811201,"L'autre (Bételgeuse, #5)",Luiz Eduardo de Oliveira (Leo),"(Leo), Luiz Eduardo de Oliveira",,"=""2205056360""","=""9782205056365""",4,3.99,Dargaud,Hardcover,48,2005,2005,2020/10/07,2020/10/13,,,read,,,,1,0
2777386,"Les cavernes (Bételgeuse, #4)",Luiz Eduardo de Oliveira (Leo),"(Leo), Luiz Eduardo de Oliveira",,"=""2205054759""","=""9782205054750""",4,4.05,Dargaud,Hardcover,48,2003,2003,2020/10/07,2020/10/13,,,read,,,,1,0
2739296,Les quantités négligeables (Le combat ordinaire #2),Manu Larcenet,"Larcenet, Manu",,"=""2205055895""","=""9782205055894""",4,4.39,Dargaud,Hardcover,62,2004,2004,2020/10/01,2020/10/13,,,read,,,,1,0
2777385,"L'expédition (Bételgeuse, #3)",Luiz Eduardo de Oliveira (Leo),"(Leo), Luiz Eduardo de Oliveira",,"=""2205052314""","=""9782205052312""",4,4.04,Dargaud,Hardcover,48,2002,2002,2020/10/07,2020/10/13,,,read,,,,1,0
37642962,« Art »,Yasmina Reza,"Reza, Yasmina",,"=""207046797X""","=""9782070467976""",5,3.78,Folio,Mass Market Paperback,128,2017,1994,2020/12/12,2020/12/12,,,read,,,,1,0
24625234,"Serás Maravillosa Hija Mía (Aama, 4)",Frederik Peeters,"Peeters, Frederik",,"=""8415685793""","=""9788415685791""",4,3.86,Astiberri,Paperback,104,2014,2014,2021/01/10,2021/01/10,,,read,,,,1,0
17410817,"Aama, 2: La multitud invisible (Aâma #2)",Frederik Peeters,"Peeters, Frederik",,"=""8415163932""","=""9788415163930""",4,4.12,Astiberri,Hardcover,86,2012,2012,2021/01/10,2021/01/10,,,read,,,,1,0
18879744,"Aama, 3: El desierto de los espejos (Aâma #3)",Frederik Peeters,"Peeters, Frederik",,"=""8415685378""","=""9788415685371""",4,4.05,Astiberri,Hardcover,88,2013,2013,2021/01/10,2021/01/10,,,read,,,,1,0
68428,"Mistborn: The Final Empire (Mistborn, #1)",Brandon Sanderson,"Sanderson, Brandon",,"=""""","=""9780765311788""",4,4.49,Tor Books,Hardcover,541,2006,2006,2021/01/15,2021/01/17,,,read,,,,1,0
10155092,"Le Puits de l'ascension, (Fils-des-Brumes, #2)",Brandon Sanderson,"Sanderson, Brandon",,"=""2360510126""","=""9782360510122""",4,4.38,Orbit,Broché,726,2010,2007,2021/01/18,2021/01/19,,,read,,,,1,0
15839098,"Amarillo (Blacksad, #5)",Juan Díaz Canales,"Canales, Juan Díaz",Juanjo Guarnido,"=""2205071807""","=""9782205071801""",2,4.08,Dargaud,Hardcover,56,2013,2013,2021/01/17,2021/01/23,,,read,,,,1,0
39895858,"La Belle Sauvage (The Book of Dust, #1)",Philip Pullman,"Pullman, Philip",,"=""0241365856""","=""9780241365854""",4,4.15,Penguin Books,Paperback,592,2018,2017,2021/04/04,2021/04/05,,,read,,,,1,0
2767793,"The Hero of Ages (Mistborn, #3)",Brandon Sanderson,"Sanderson, Brandon",,"=""0765316897""","=""9780765316899""",4,4.56,Tor Books,Hardcover,572,2008,2008,2021/01/20,2021/04/05,,,read,,,,1,0
33151862,"Androids Resurrection (Androids, #1)",Jean-Luc Istin,"Istin, Jean-Luc","Christina Cox-De Ravel, Jesús Hervás, Olivier Héban","=""2302059182""","=""9782302059184""",5,3.72,Soleil,ebook,61,2016,2016,2020/10/12,2021/09/28,,,read,,,,1,0
57430482,Scarlett et Novak,Alain Damasio,"Damasio, Alain",,"=""2700276949""","=""9782700276947""",2,2.80,Rageot Editeur,Kindle Edition,64,2021,,2021/10/27,2021/10/27,,,read,,,,1,0
41725878,Negalyod,Vincent Perriot,"Perriot, Vincent",,"=""2203152370""","=""9782203152373""",3,3.51,Casterman,Hardcover,208,2018,2018,2021/12/21,2021/12/27,,,read,,,,1,0
59086115,"Alors, tout tombe - Première partie (Blacksad, #6)",Juan Díaz Canales,"Canales, Juan Díaz",Juanjo Guarnido,"=""2205078046""","=""9782205078046""",3,4.31,Dargaud,Hardcover,60,2021,2021,2021/12/16,2021/12/27,,,read,,,,1,0
50494728,Aldobrando,Gipi,"Gipi, Gipi",Luigi Critone,"=""2203166673""","=""9782203166677""",4,4.04,Casterman,Hardcover,204,2020,2020,2021/08/29,2021/12/28,,,read,,,,1,0
23168840,"The Arab of the Future: A Childhood in the Middle East, 1978-1984",Riad Sattouf,"Sattouf, Riad",,"=""1627793445""","=""9781627793445""",4,4.12,Metropolitan Books,Paperback,156,2015,2014,2019/12/29,2021/12/28,,,read,,,,1,0
24357006,"Petit (Les Ogres-Dieux, #1)",Hubert,"Hubert, Hubert",Bertrand Gatignol,"=""230204312X""","=""9782302043121""",4,4.01,Les Éditions Soleil,Hardcover,174,2014,2014,2021/11/30,2021/12/29,,,read,,,,1,0
59538323,Le jeune acteur 1 : Aventures de Vincent Lacoste au cinéma,Riad Sattouf,"Sattouf, Riad",,"=""2957813106""","=""9782957813100""",3,4.33,Les Livres du futur,Paperback,140,2021,2021,2022/03/05,2022/03/06,,,read,,,,1,0
36655403,Dans la combi de Thomas Pesquet,Marion Montaigne,"Montaigne, Marion",,"=""2205076396""","=""9782205076394""",5,4.49,Dargaud,Hardcover,208,2017,2017,2022/02/04,2022/04/03,,,read,,,,1,0
90260,"The Road to Los Angeles (The Saga of Arturo Bandini, #2)",John Fante,"Fante, John",,"=""0876856490""","=""9780876856499""",4,3.79,Ecco,Paperback,166,2002,1985,2015/04/13,2022/04/12,,,read,,,,1,0
2709688,Ce qui est précieux (Le combat ordinaire #3),Manu Larcenet,"Larcenet, Manu",,"=""220505791X""","=""9782205057911""",5,4.35,Dargaud,Hardcover,64,2006,2006,2022/04/18,2022/04/18,,,read,,,,1,0
3046901,Planter des clous (Le combat ordinaire #4),Manu Larcenet,"Larcenet, Manu",,"=""2205061402""","=""9782205061406""",3,4.22,Dargaud,Hardcover,64,2007,2007,2022/04/22,2022/04/21,,,read,,,,1,0
27833318,Todo modo,Leonardo Sciascia,"Sciascia, Leonardo",Rene Daillie,"=""2070133087""","=""9782070133086""",2,3.86,Gallimard,Paperback,196,2011,1974,2022/05/10,2022/05/09,,,read,,,,1,0
52872872,Préférence système,Ugo Bienvenu,"Bienvenu, Ugo",,"=""2207142213""","=""9782207142219""",5,3.92,Denoël,Hardcover,162,2019,2019,2022/05/29,2022/05/29,,,read,,,,1,0
25309541,L'Enfer de Church Street,Jake Hinkson,"Hinkson, Jake",Sophie Aslanides,"=""2351780876""","=""9782351780879""",2,3.90,Gallmeister,Hardcover,240,2015,2011,2022/07/17,2022/07/17,,,read,,,,1,0
55159408,Carbone & Silicium,Mathieu Bablet,"Bablet, Mathieu",Alain Damasio,"=""""","=""9791033511960""",3,4.20,Ankama Éditions,Hardcover,267,2020,2020,2022/07/29,2022/07/29,,,read,,,,1,0
53970536,L'Anomalie,Hervé Le Tellier,"Tellier, Hervé Le",,"=""207289509X""","=""9782072895098""",4,3.80,Gallimard,Paperback,327,2020,2020,2022/06/26,2022/06/26,,,read,,,,1,0
49612237,Les Indes fourbes,Alain Ayroles,"Ayroles, Alain",Juanjo Guarnido,"=""2756035734""","=""9782756035734""",4,4.44,Delcourt,Hardcover,160,2019,2019,2022/07/26,2022/07/26,,,read,,,,1,0
60407760,La mémoire de Babel,Christelle Dabos,"Dabos, Christelle",,"=""2072957974""","=""9782072957970""",3,4.20,FOLIO,Mass Market Paperback,576,2021,2017,2022/08/24,2022/08/23,,,read,,,,1,0
60525612,La république du crâne,Vincent Brugeas,"Brugeas, Vincent",Ronan Toulhoat,"=""2505087334""","=""9782505087335""",4,3.90,Dargaud,Hardcover,224,2022,2022,2022/08/21,2022/08/14,,,read,,,,1,0
59617978,Les disparus du Clairdelune,Christelle Dabos,"Dabos, Christelle",,"=""2072957923""","=""9782072957925""",4,4.43,FOLIO,Paperback,704,2021,2015,2022/08/19,2022/08/17,,,read,,,,1,0
59436704,"Les Fiancés de l'hiver (La Passe-Miroir, #1)",Christelle Dabos,"Dabos, Christelle",,"=""2072957877""","=""9782072957871""",4,4.01,Folio,Mass Market Paperback,608,2021,2013,2022/08/16,2022/08/14,,,read,,,,1,0
35138151,Paiement accepté,Ugo Bienvenu,"Bienvenu, Ugo",,"=""2207134660""","=""9782207134665""",4,3.54,DENOEL,Hardcover,144,2017,,2022/08/13,2022/08/10,,,read,,,,1,0
46143893,Le dernier pharaon (Blake et Mortimer),François Schuiten,"Schuiten, François","Jaco Van Dormael, Thomas Gunzig, Laurent Durieux","=""2870972806""","=""9782870972809""",2,3.67,Blake et Mortimer,Hardcover,94,2019,2019,2022/08/14,2022/08/13,,,read,,,,1,0
50209643,"La Forêt sombre (Le Problème à trois corps, #2)",Liu Cixin,"Cixin, Liu",Gwennaël Gaffric,"=""2330125119""","=""9782330125110""",0,4.40,Actes Sud,Mass Market Paperback,732,2019,2008,,2022/08/10,to-read,to-read (#41),to-read,,,,0,0
40180098,The Overstory,Richard Powers,"Powers, Richard",,"=""039335668X""","=""9780393356687""",0,4.11,W.W. Norton & Company,Paperback,502,2019,2018,,2022/08/08,to-read,to-read (#40),to-read,,,,0,0
49939144,La rose la plus rouge s'épanouit,Liv Strömquist,"Strömquist, Liv",Kirsi Kinnunen,"=""2878272358""","=""9782878272352""",5,4.22,Rackham Collection Le Signe Noir,Hardcover,176,2019,2019,2022/07/26,2022/07/08,,,read,,,,1,0
37553,Sense and Sensibility,Jane Austen,"Austen, Jane","Claire Lamont, Margaret Anne Doody, James Kinsley","=""0192804782""","=""9780192804785""",0,4.09,Oxford University Press,Paperback,327,2004,1811,,2015/10/26,to-read,to-read (#39),to-read,,,,0,0
1326190,Une chambre à soi,Virginia Woolf,"Woolf, Virginia",Clara Malraux,"=""2264033606""","=""9782264033604""",4,4.22,10/18,Mass Market Paperback,176,2001,1929,2022/06/10,2022/05/09,,,read,,,,1,0
44563234,"L'Oeil du Monde : première partie (La Roue du Temps, #1)",Robert Jordan,"Jordan, Robert",Jean Claude Mallé,"=""""","=""9791028102586""",0,4.27,Bragelonne,Mass Market Paperback,619,2018,1990,,2022/06/10,to-read,to-read (#38),to-read,,,,0,0
59366136,Stories from the Tenants Downstairs,Sidik Fofana,"Fofana, Sidik",,"=""1982145811""","=""9781982145811""",0,3.77,Scribner,Hardcover,213,2022,2022,,2022/06/01,to-read,to-read (#37),to-read,,,,0,0
184834,"La sombra del viento (El cementerio de los libros olvidados, #1)",Carlos Ruiz Zafón,"Zafón, Carlos Ruiz",,"=""0974872407""","=""9780974872407""",0,4.31,Planeta Publishing,Paperback,478,2006,2001,,2022/05/30,to-read,to-read (#36),to-read,,,,0,0
41052080,Sorcières : La puissance invaincue des femmes,Mona Chollet,"Chollet, Mona",,"=""2355221227""","=""9782355221224""",5,4.05,Zones,Paperback,232,2018,2018,2022/04/26,2022/04/23,,,read,,,,1,0
3316581,Sans patrie ni frontières,Jan Valtin,"Valtin, Jan",Jean-Claude Henriot,"=""2742709150""","=""9782742709151""",0,4.46,Actes Sud,Paperback,894,1999,1940,,2022/04/20,to-read,to-read (#35),to-read,,,,0,0
18479390,Le sommet des dieux 2,Jirō Taniguchi,"Taniguchi, Jirō",Baku Yumemakura,"=""2505007691""","=""9782505007692""",4,4.49,Kana,Hardcover,338,2010,2001,2022/04/18,2022/04/13,,,read,,,,1,0
177094,Mon chien Stupide,John Fante,"Fante, John",Brice Matthieussent,"=""2264034505""","=""9782264034502""",3,3.70,10/18,Pocket Book,155,2002,,2022/04/15,2022/04/12,,,read,,,,1,0
24726771,Demande à la poussière,John Fante,"Fante, John",,"=""""","=""""",4,4.10,10/18,,272,2007,1939,2015/04/14,2014/07/27,,,read,,,,1,0
10413363,Le sommet des dieux 1,Jirō Taniguchi,"Taniguchi, Jirō",Baku Yumemakura,"=""2505004897""","=""9782505004899""",4,4.35,KANA,Hardcover,336,2010,2000,2022/04/09,2022/04/03,,,read,,,,1,0
56887972,Voix d'extinction,Sophie Hénaff,"Hénaff, Sophie",,"=""2226402934""","=""9782226402936""",0,3.79,ALBIN MICHEL,Paperback,368,2021,,,2022/02/27,to-read,to-read (#33),to-read,,,,0,0
56972296,"Le Prieuré de l'Oranger, partie 1 (Le Prieuré de l'Oranger, #1)",Samantha Shannon,"Shannon, Samantha",,"=""2290253170""","=""9782290253175""",3,4.06,J'ai Lu,Mass Market Paperback,572,2021,2019,2022/02/28,2021/12/28,,,read,,,,1,0
58159647,Loin,Alexis Michalik,"Michalik, Alexis",,"=""2253103594""","=""9782253103592""",3,4.17,Le Livre de Poche,Mass Market Paperback,762,2021,2019,2021/08/05,2021/07/26,,,read,,,,1,0
6650002,Gagner la guerre,Jean-Philippe Jaworski,"Jaworski, Jean-Philippe",,"=""2915793646""","=""9782915793642""",1,4.48,Les Moutons électriques,Paperback,684,2009,2009,2022/01/07,2021/08/16,,,read,,,,1,0
3350166,Trafiquants d'epaves (Les) (LITTÉRATURE ÉTRANGÈRE),Robert Louis Stevenson,"Stevenson, Robert Louis",,"=""2277237183""","=""9782277237181""",0,3.64,J'AI LU,Mass Market Paperback,411,1994,1887,,2022/01/07,to-read,to-read (#32),to-read,,,,0,0
25597560,"L'Arabe du futur 2 : Une jeunesse au Moyen-Orient, 1984-1985",Riad Sattouf,"Sattouf, Riad",,"=""2370730544""","=""9782370730541""",0,4.30,Allary Éditions,Paperback,158,2015,2015,,2021/12/28,to-read,to-read (#31),to-read,,,,0,0
59800924,Le syndrome de l'imposteur (French Edition),Claire Le Men,"Men, Claire Le",,"=""2348044110""","=""9782348044113""",0,3.98,La Découverte,Kindle Edition,0,2019,,,2021/12/28,to-read,to-read (#30),to-read,,,,0,0
847833,Accouplement,Norman Rush,"Rush, Norman",Marianne Véron,"=""2213630496""","=""9782213630496""",0,3.84,Fayard,Hardcover,558,2006,1991,,2021/07/04,to-read,to-read (#29),to-read,,,,0,0
34728667,"Children of Blood and Bone (Legacy of Orïsha, #1)",Tomi Adeyemi,"Adeyemi, Tomi",,"=""1250170974""","=""9781250170972""",0,4.11,Henry Holt Company,Hardcover,544,2018,2018,,2021/07/01,to-read,to-read (#28),to-read,,,,0,0
19063,The Book Thief,Markus Zusak,"Zusak, Markus",,"=""""","=""""",0,4.39,Alfred A. Knopf,Kindle Edition,592,2006,2005,,2021/07/01,to-read,to-read (#27),to-read,,,,0,0
28075530,Les Trois Mousquetaires,Alexandre Dumas,"Dumas, Alexandre",,"=""2268016714""","=""9782268016719""",4,4.10,Editions du Rocher,Paperback,706,1993,1844,2021/05/23,2021/05/13,,,read,,,,1,0
1140082,"Le Crime de l'Orient-Express (Hercule Poirot, #10)",Agatha Christie,"Christie, Agatha",Jean-Marc Mendel,"=""2702423590""","=""9782702423592""",4,4.20,Éditions du Masque,Mass Market Paperback,250,1999,1934,,2013/04/11,,,read,,,,1,0
52578297,The Midnight Library,Matt Haig,"Haig, Matt",,"=""0525559477""","=""9780525559474""",0,3.98,Viking,Hardcover,288,2020,2020,,2021/05/20,to-read,to-read (#26),to-read,,,,0,0
50202953,Piranesi,Susanna Clarke,"Clarke, Susanna",,"=""163557563X""","=""9781635575637""",0,4.22,Bloomsbury,Hardcover,272,2020,2020,,2021/05/20,to-read,to-read (#25),to-read,,,,0,0
16328436,L'île des esclaves suivie de La Colonie,Pierre de Marivaux,"Marivaux, Pierre de",,"=""2266161091""","=""9782266161091""",3,3.09,Pocket,Paperback,160,2006,,2013/08/04,2013/06/22,,,read,,,,1,0
55994357,L'invention des religions (French Edition),Daniel Dubuisson,"Dubuisson, Daniel",,"=""227113465X""","=""9782271134653""",0,4.00,CNRS éditions,Kindle Edition,224,2020,,,2020/11/26,to-read,to-read (#24),to-read,,,,0,0
430569,"Harry Potter à l'école des sorciers (Harry Potter, #1)",J.K. Rowling,"Rowling, J.K.",Jean-François Ménard,"=""2070518426""","=""9782070518425""",4,4.47,Gallimard Jeunesse,Mass Market Paperback,306,2001,1997,,2013/04/11,,,read,,,,1,0
68683,Danube: A Sentimental Journey from the Source to the Black Sea,Claudio Magris,"Magris, Claudio",,"=""1860468233""","=""9781860468230""",0,3.88,Harvill Panther,Paperback,416,2001,1986,,2020/09/23,to-read,to-read (#23),to-read,,,,0,0
35050369,Duel,Renaud Farace,"Farace, Renaud",,"=""2203097302""","=""9782203097308""",0,3.90,Casterman,Hardcover,192,2017,,,2020/09/17,to-read,to-read (#22),to-read,,,,0,0
2236072,"Terra Incognita (Les Naufragés d'Ythaq, #1)",Christophe Arleston,"Arleston, Christophe",Adrien Floch,"=""2845659024""","=""9782845659025""",0,3.84,Soleil Productions,Paperback,64,2005,2005,,2020/09/17,to-read,to-read (#20),to-read,,,,0,0
34798591,"Le Coeur Du Roi: Revolution, 1",Arnaud Delalande,"Delalande, Arnaud",,"=""224685850X""","=""9782246858508""",0,4.50,Grasset,Kindle Edition,439,2017,,,2020/09/15,to-read,to-read (#19),to-read,,,,0,0
75520,Les Catilinaires,Amélie Nothomb,"Nothomb, Amélie",,"=""2253141704""","=""9782253141709""",3,3.61,LGF,Mass Market Paperback,151,1997,1995,,2013/06/17,,,read,,,,1,0
71458,Stupeur et tremblements,Amélie Nothomb,"Nothomb, Amélie",,"=""""","=""""",3,3.74,Le Livre de Poche,Mass Market Paperback,187,2001,1999,,2013/06/17,,,read,,,,1,0
69933,"Changing Places (The Campus Trilogy, #1)",David Lodge,"Lodge, David",,"=""0140170987""","=""9780140170986""",3,3.82,Penguin,Paperback,251,1979,1975,,2013/04/11,,,read,,,,1,0
13023,Alice in Wonderland,Jane Carruth,"Carruth, Jane","Lewis Carroll, Rene Cloke","=""0517223627""","=""9780517223628""",3,4.03,Gramercy,Hardcover,96,2004,1865,2008/09/17,2015/09/17,,,read,,,,1,0
6814059,Le Club des incorrigibles optimistes,Jean-Michel Guenassia,"Guenassia, Jean-Michel",,"=""2226193928""","=""9782226193926""",4,4.39,Albin Michel,Paperback,768,2009,2009,2015/09/04,2015/07/02,,,read,,,,1,0
115807,L'Abyssin,Jean-Christophe Rufin,"Rufin, Jean-Christophe",,"=""2070406970""","=""9782070406975""",3,3.98,Gallimard,Paperback,699,1998,1997,2016/05/06,2015/12/13,,,read,,,,1,0
1019793,Cent ans de solitude,Gabriel García Márquez,"Márquez, Gabriel García","Claude Durand, Carmen Durand","=""""","=""""",3,4.12,Points,Paperback,480,1995,1967,2016/10/29,2015/08/21,,,read,,,,1,0
32337335,L'orangeraie,Larry Tremblay,"Tremblay, Larry",,"=""2070469263""","=""9782070469260""",3,4.08,la table ronde,Paperback,153,2015,2013,2017/03/03,2017/03/03,,,read,,,,1,0
1393729,Les Frères Karamazov,Fyodor Dostoevsky,"Dostoevsky, Fyodor","Fiodor Dostoïevski, Henri Mongault, Sigmund Freud","=""2070389626""","=""9782070389629""",4,4.39,Gallimard — Collection Folio classique,Mass Market Paperback,992,1994,1880,2018/05/14,2018/05/14,,,read,,,,1,0
1874495,"La sOurce et la sOnde (Le Cycle de Cyann, #1)",François Bourgeon,"Bourgeon, François",Claude Lacroix,"=""2203388579""","=""9782203388574""",0,3.98,Casterman,Hardcover,116,1993,1993,,2020/08/20,to-read,to-read (#18),to-read,,,,0,0
25383756,L'Autre (Le Rapport de Brodeck #1),Manu Larcenet,"Larcenet, Manu",,"=""""","=""""",0,4.38,Dargaud,Kindle Edition,160,2015,2015,,2020/08/20,to-read,to-read (#17),to-read,,,,0,0
2548910,Le Complot contre l'Amérique,Philip Roth,"Roth, Philip",,"=""2070337901""","=""9782070337903""",0,3.82,Gallimard,Mass Market Paperback,514,2007,2004,,2020/07/08,to-read,to-read (#16),to-read,,,,0,0
21546170,Au péril des idées : Les grandes questions de notre temps,Edgar Morin,"Morin, Edgar","Tariq Ramadan, Claude-Henry du Bord","=""2845925514""","=""9782845925519""",0,4.16,Presses du Châtelet ,Paperback,281,2014,2014,,2020/04/07,to-read,to-read (#15),to-read,,,,0,0
1805693,Les Raisins de la colère,John Steinbeck,"Steinbeck, John",,"=""2070360830""","=""9782070360833""",5,4.02,Gallimard,Mass Market Paperback,640,1972,1939,2019/08/14,2019/08/14,,,read,,,,1,0
13603707,Le vieux qui ne voulait pas fêter son anniversaire,Jonas Jonasson,"Jonasson, Jonas",,"=""2266218522""","=""9782266218528""",4,3.82,Pocket,Mass Market Paperback,506,2012,2009,,2014/03/19,,,read,,,,1,0
762819,Lolita,Vladimir Nabokov,"Nabokov, Vladimir",Maurice Couturier,"=""2070412083""","=""9782070412082""",3,3.87,Folio,Mass Market Paperback,544,2001,1955,,2014/06/10,,,read,,,,1,0
32723282,Le Misanthrope,Molière,"Molière, Molière",,"=""""","=""""",4,3.76,,Kindle Edition,76,2016,1666,2017/03/03,2017/03/03,,,read,,,,1,0
15638,Cyrano de Bergerac,Edmond Rostand,"Rostand, Edmond","Lowell Bair, Eteel Lawson","=""0451528921""","=""9780451528926""",5,4.06,Signet Classics,Mass Market Paperback,240,2003,1897,2016/11/01,2016/10/29,,,read,,,,1,0
29932521,Et les faibles subissent ce qu'ils doivent ?: Comment l'Europe de l'austérité menace la stabilité du monde (LIENS QUI LIBER) (French Edition),Yanis Varoufakis,"Varoufakis, Yanis","Françoise Chemla, Paul Chemla","=""""","=""9791020903693""",5,4.11,Éditions Les Liens qui libèrent,Kindle Edition,427,2016,2016,2016/10/31,2016/10/31,,,read,,,,1,0
1453138,Le Lion,Joseph Kessel,"Kessel, Joseph",,"=""""","=""""",3,3.90,Gallimard,Mass Market Paperback,243,1998,1958,2016/07/12,2016/05/19,,,read,,,,1,0
220334,La Gloire de mon père,Marcel Pagnol,"Pagnol, Marcel",,"=""2877065073""","=""9782877065078""",0,4.02,Editions de Fallois,Mass Market Paperback,216,2004,1957,,2016/05/12,to-read,to-read (#14),to-read,,,,0,0
316101,Le jeu de l'amour et du hasard,Pierre de Marivaux,"Marivaux, Pierre de",,"=""2030345911""","=""9782038700831""",4,3.64,Editions Larousse,Paperback,145,1970,1730,,2013/06/08,,,read,,,,1,0
1393712,Le Joueur d'échecs,Stefan Zweig,"Zweig, Stefan","Brigitte Vergne-Cain, Gérard Rudent","=""""","=""""",4,4.27,Le Livre de Poche,Paperback,128,2013,1942,,2015/07/02,,,read,,,,1,0
18522209,Le capital au XXIe siècle,Thomas Piketty,"Piketty, Thomas",,"=""2021082288""","=""9782021082289""",4,4.06,Seuil,Paperback,970,2013,2013,,2015/09/02,,,read,,,,1,0
26703762,Burn Out,Mehdi Meklat,"Meklat, Mehdi",Badroudine Saïd Abdallah,"=""2021241432""","=""9782021241433""",0,3.50,Seuil,Paperback,183,2015,2015,,2015/10/27,to-read,to-read (#13),to-read,,,,0,0
14202,Jonathan Strange & Mr Norrell,Susanna Clarke,"Clarke, Susanna",,"=""073945210X""","=""9780739452103""",0,3.87,Bloomsbury,Paperback,782,2004,2004,,2015/10/26,to-read,to-read (#12),to-read,,,,0,0
17930658,Côté cour,Leandro Ávalos Blacha,"Blacha, Leandro Ávalos",,"=""2918767328""","=""9782918767329""",0,3.61,ASPHALTE,Paperback,153,2013,,,2015/10/26,to-read,to-read (#11),to-read,,,,0,0
1688655,La Trilogie des Fourmis,Bernard Werber,"Werber, Bernard",,"=""""","=""""",4,4.28,Livre de Poche,Mass Market Paperback,1398,2004,2001,,2015/10/26,,,read,,,,1,0
856395,Sa majesté des mouches,William Golding,"Golding, William",,"=""2070374807""","=""9782070374809""",4,3.70,Folio,Mass Market Paperback,245,1983,1954,,2015/10/26,,,read,,,,1,0
840617,"Harry Potter et le Prince de Sang-Mêlé (Harry Potter, #6)",J.K. Rowling,"Rowling, J.K.",Jean-François Ménard,"=""2070572676""","=""9782070572670""",4,4.58,Gallimard Jeunesse,Paperback,715,2005,2005,,2013/04/11,,,read,,,,1,0
3869,A Brief History of Time,Stephen Hawking,"Hawking, Stephen",,"=""0553380168""","=""9780553380163""",0,4.21,Bantam Books,Paperback,226,1998,1988,,2015/10/09,to-read,to-read (#10),to-read,,,,0,0
982314,"Le Roi de fer (Les Rois Maudits, #1)",Maurice Druon,"Druon, Maurice",,"=""2253011010""","=""9782253011019""",0,4.08,Le Livre de Poche,Mass Market Paperback,316,1973,1955,,2015/08/10,to-read,to-read (#9),to-read,,,,0,0
23316522,The Great Divide: Unequal Societies and What We Can Do About Them,Joseph E. Stiglitz,"Stiglitz, Joseph E.",,"=""0393248577""","=""9780393248579""",0,3.81,W. W. Norton & Company,Hardcover,448,2015,2015,,2015/09/02,to-read,to-read (#8),to-read,,,,0,0
6402364,"SuperFreakonomics: Global Cooling, Patriotic Prostitutes And Why Suicide Bombers Should Buy Life Insurance",Steven D. Levitt,"Levitt, Steven D.",Stephen J. Dubner,"=""0060889578""","=""9780060889579""",0,4.00,William Morrow,Hardcover,270,2009,2009,,2015/08/26,to-read,to-read (#7),to-read,,,,0,0
1470280,Acide sulfurique,Amélie Nothomb,"Nothomb, Amélie",,"=""2253121185""","=""9782253121183""",2,3.57,Livre De Poche,Mass Market Paperback,224,2007,2005,,2015/08/10,,,read,,,,1,0
194005,La Religieuse,Denis Diderot,"Diderot, Denis",,"=""2070360571""","=""9782070360574""",4,3.75,Folio,Mass Market Paperback,376,2009,1796,,2015/07/31,,,read,,,,1,0
1423506,Jacques le Fataliste et son maître,Denis Diderot,"Diderot, Denis",,"=""2070367630""","=""9782070367634""",5,3.80,Editions Gallimard,Paperback,384,1976,1796,,2015/07/31,,,read,,,,1,0
832130,1984,George Orwell,"Orwell, George",Amélie Audiberti,"=""207036822X""","=""9782070368228""",5,4.20,Gallimard,Mass Market Paperback,448,1972,1949,,2013/04/11,,,read,,,,1,0
820343,"Harry Potter and the Deathly Hallows (Harry Potter, #7)",J.K. Rowling,"Rowling, J.K.",,"=""0747591059""","=""9780747591054""",4,4.62,Bloomsbury Publishing,Hardcover,607,2007,2007,,2013/04/11,,,read,,,,1,0
1129149,Le Silence du rossignol,Lian Hearn,"Hearn, Lian",Philippe Giraudon,"=""207030258X""","=""9782070302581""",4,4.06,Folio,Mass Market Paperback,372,2002,2002,,2013/04/11,,,read,,,,1,0
1129160,Les Neiges de l'exil,Lian Hearn,"Hearn, Lian",Philippe Giraudon,"=""2070300315""","=""9782070300310""",4,4.05,Folio,Mass Market Paperback,385,2004,2003,,2013/04/11,,,read,,,,1,0
1440929,La Clarté de la lune,Lian Hearn,"Hearn, Lian",,"=""2070426556""","=""9782070426553""",4,4.08,Folio,Mass Market Paperback,434,2005,2004,,2013/04/11,,,read,,,,1,0
289026,"Harry Potter et le prisonnier d'Azkaban (Harry Potter, #3)",J.K. Rowling,"Rowling, J.K.",Jean-François Ménard,"=""2070528189""","=""9782070528189""",3,4.58,Gallimard Jeunesse,Mass Market Paperback,476,2002,1999,,2013/04/11,,,read,,,,1,0
113269,"Harry Potter et la Chambre des Secrets (Harry Potter, #2)",J.K. Rowling,"Rowling, J.K.",Jean-François Ménard,"=""2070524558""","=""9782070524556""",4,4.43,Gallimard Jeunesse,Mass Market Paperback,364,2001,2002,,2013/04/11,,,read,,,,1,0
173688,"Harry Potter et l'Ordre du Phénix (Harry Potter, #5)",J.K. Rowling,"Rowling, J.K.",Jean-François Ménard,"=""""","=""""",5,4.50,Gallimard Jeunesse,Paperback,981,2003,2003,,2013/04/11,,,read,,,,1,0
1140084,Dix petits nègres,Agatha Christie,"Christie, Agatha",,"=""2702424694""","=""9782702424698""",5,4.28,Le Masque,Mass Market Paperback,222,1994,1939,,2013/04/11,,,read,,,,1,0
1632278,Le Meurtre de Roger Ackroyd,Agatha Christie,"Christie, Agatha",,"=""2702423175""","=""9782702423172""",4,4.26,Le Masque,Mass Market Paperback,286,2001,1926,,2013/04/11,,,read,,,,1,0
590645,Le Parfum,Patrick Süskind,"Süskind, Patrick",Bernard Lortholary,"=""2253044903""","=""9782253044901""",4,4.04,Le Livre de Poche,Mass Market Paperback,280,1989,1985,,2013/04/11,,,read,,,,1,0
14761650,Le Pigeon,Patrick Süskind,"Süskind, Patrick",,"=""""","=""""",4,3.71,,Paperback,88,1988,1987,,2013/04/11,,,read,,,,1,0
1735343,Le Tartuffe,Molière,"Molière, Molière",,"=""2070409325""","=""9782070409327""",4,3.66,Folio,Paperback,232,1999,1664,,2013/04/11,,,read,,,,1,0
1471082,Dom Juan,Molière,"Molière, Molière",Georges Couton,"=""2070409333""","=""9782070409334""",3,3.55,Editions Gallimard ,Paperback,176,2000,1665,,2013/04/11,,,read,,,,1,0
3895434,Antigone (La Petite Vermillon),Jean Anouilh,"Anouilh, Jean",,"=""2710330407""","=""9782710330400""",4,3.77,La Table Ronde,Mass Market Paperback,128,2008,1944,,2013/04/11,,,read,,,,1,0
770754,La peste,Albert Camus,"Camus, Albert",,"=""""","=""""",3,4.02,Folio,Mass Market Paperback,279,1972,1947,,2013/04/11,,,read,,,,1,0
774027,La Chute,Albert Camus,"Camus, Albert",,"=""2070360105""","=""9782070360109""",3,4.03,Gallimard,Mass Market Paperback,160,1972,1956,,2013/04/11,,,read,,,,1,0
15688,L'Étranger,Albert Camus,"Camus, Albert",,"=""2070360024""","=""9782070360024""",5,4.03,Gallimard,Paperback,184,2016,1942,,2013/04/11,,,read,,,,1,0
6037600,Le Vol du héron,Lian Hearn,"Hearn, Lian",,"=""2070343405""","=""9782070343409""",4,3.97,Folio,Mass Market Paperback,745,2007,2006,2013/06/08,2013/04/11,,,read,,,,1,0
1735396,"Les hommes qui n'aimaient pas les femmes (Millénium, #1)",Stieg Larsson,"Larsson, Stieg","Lena Grumbach, Marc de Gouvenain","=""2742761578""","=""9782742761579""",4,4.17,Actes Sud,Paperback,575,2006,2005,,2013/04/11,,,read,,,,1,0
1735403,La Fille qui rêvait d'un bidon d'essence et d'une allumette,Stieg Larsson,"Larsson, Stieg","Lena Grumbach, Marc de Gouvenain","=""2742765018""","=""9782742765010""",4,4.26,Actes Sud,Paperback,653,2006,2006,,2013/04/11,,,read,,,,1,0
1735412,"La Reine dans le palais des courants d'air (Millénium, #3)",Stieg Larsson,"Larsson, Stieg",,"=""2742770313""","=""9782742770311""",4,4.24,Actes Sud,Paperback,711,2007,2007,,2013/04/11,,,read,,,,1,0
177056,Bandini,John Fante,"Fante, John",Brice Matthieussent,"=""2264033002""","=""9782264033000""",5,4.10,10/18,Paperback,266,2002,1938,,2014/07/27,,,read,,,,1,0
13589886,L'exploit,Vladimir Nabokov,"Nabokov, Vladimir",,"=""""","=""""",4,3.70,Julliard,Unknown Binding,217,1983,1931,,2014/06/10,,,read,,,,1,0
834728,Le Portrait de Dorian Gray,Oscar Wilde,"Wilde, Oscar",Jean Gattégno,"=""2070384853""","=""9782070384853""",4,4.13,Folio,Mass Market Paperback,403,1992,1890,,2015/07/07,,,read,,,,1,0
120626,Des Souris et des hommes,John Steinbeck,"Steinbeck, John",Maurice-Edgar Coindreau,"=""""","=""""",3,3.89,Gallimard,Mass Market Paperback,192,1972,1937,,2015/07/02,,,read,,,,1,0
956320,"Le Comte de Monte-Cristo II (Le Comte de Monte-Cristo, #2 of 2)",Alexandre Dumas,"Dumas, Alexandre","Gilbert Sigaux, Jean-Yves Tadié","=""""","=""""",4,4.62,Gallimard,Mass Market Paperback,709,1998,1844,,2015/07/02,,,read,,,,1,0
956323,"Le Comte de Monte-Cristo I  (Le Comte de Monte-Cristo, #1 of 2)",Alexandre Dumas,"Dumas, Alexandre","Gilbert Sigaux, Jean-Yves Tadié","=""""","=""""",4,4.53,Gallimard,Mass Market Paperback,703,1998,1844,,2015/07/02,,,read,,,,1,0
730165,Le Baron perché,Italo Calvino,"Calvino, Italo",Juliette Bertrand,"=""2020551470""","=""9782020551472""",3,4.02,Seuil,Mass Market Paperback,321,2002,1957,,2015/07/02,,,read,,,,1,0
1002668,Le Vicomte pourfendu,Italo Calvino,"Calvino, Italo",Juliette Bertrand,"=""2253029858""","=""9782253029854""",2,3.82,Livre De Poche,Pocket Book,125,2009,1952,,2015/07/02,,,read,,,,1,0
1202,Freakonomics: A Rogue Economist Explores the Hidden Side of Everything,Steven D. Levitt,"Levitt, Steven D.",Stephen J. Dubner,"=""0061234001""","=""9780061234002""",3,4.01,William Morrow,Hardcover,268,2006,2005,2014/06/16,2014/06/03,,,read,,,,1,0
865083,"À l'ombre des jeunes filles en fleurs (A la recherche du temps perdu, #2)",Marcel Proust,"Proust, Marcel",Pierre-Louis Rey,"=""2070380513""","=""9782070380510""",4,4.39,Gallimard,Mass Market Paperback,576,1988,1919,2014/06/10,2013/09/30,,,read,,,,1,0
163920,"Tilt-a-Whirl (John Ceepak Mystery, #1)",Chris Grabenstein,"Grabenstein, Chris",,"=""0786717815""","=""9780786717811""",4,3.76,Carroll & Graf Pub,Paperback,330,2006,2005,,2013/04/11,,,read,,,,1,0
43932,"Drop Shot (Myron Bolitar, #2)",Harlan Coben,"Coben, Harlan",,"=""0440220459""","=""9780440220459""",3,3.99,Dell,Mass Market Paperback,341,1996,1996,,2013/12/29,,,read,,,,1,0
3525885,"Mad Mouse (John Ceepak Mystery, #2)",Chris Grabenstein,"Grabenstein, Chris",,"=""0786717602""","=""9780786717606""",0,3.99,Carroll & Graf,Hardcover,320,2006,2006,,2014/04/01,to-read,to-read (#6),to-read,,,,0,0
822338,Huis clos: suivi de Les Mouches,Jean-Paul Sartre,"Sartre, Jean-Paul",,"=""2070368076""","=""9782070368075""",5,4.04,Folio,Mass Market Paperback,247,2000,1946,,2013/04/11,,,read,,,,1,0
1215032,"The Wise Man's Fear (The Kingkiller Chronicle, #2)",Patrick Rothfuss,"Rothfuss, Patrick",,"=""0756404738""","=""9780756404734""",4,4.55,DAW Books,Hardcover,994,2011,2011,2014/01/05,2013/08/04,,,read,,,,1,0
1033975,The Unexpurgated Code: A Complete Manual Of Survival And Manners,J.P. Donleavy,"Donleavy, J.P.",,"=""0140042822""","=""9780140042825""",0,3.90,Penguin Books,Paperback,320,1976,1975,,2013/09/29,to-read,to-read (#5),to-read,,,,0,0
323208,The Restraint of Beasts,Magnus Mills,"Mills, Magnus",,"=""0684865114""","=""9780684865119""",1,3.88,Touchstone,Paperback,224,1999,1998,2013/09/02,2013/04/11,,,read,,,,1,0
816925,"Le Ventre de Paris (Les Rougon-Macquart, #3)",Émile Zola,"Zola, Émile",,"=""""","=""""",1,3.93,Folio,Mass Market Paperback,470,2002,1873,,2013/08/05,,,read,,,,1,0
1162543,"Breaking Dawn (The Twilight Saga, #4)",Stephenie Meyer,"Meyer, Stephenie",,"=""031606792X""","=""9780316067928""",3,3.75,"Little, Brown and Company",Hardcover,756,2008,2008,,2013/08/04,,,read,,,,1,0
428263,"Eclipse (The Twilight Saga, #3)",Stephenie Meyer,"Meyer, Stephenie",,"=""0316160202""","=""9780316160209""",3,3.74,"Little, Brown and Company",Hardcover,629,2007,2007,,2013/08/04,,,read,,,,1,0
49041,"New Moon (The Twilight Saga, #2)",Stephenie Meyer,"Meyer, Stephenie",,"=""0316160199""","=""9780316160193""",3,3.61,"Little, Brown and Company",Hardcover,563,2006,2006,,2013/08/04,,,read,,,,1,0
392969,"L'homme aux cercles bleus (Commissaire Adamsberg, #1)",Fred Vargas,"Vargas, Fred",,"=""2290318329""","=""9782290318324""",3,3.66,J'AI LU,Pocket Book,220,2002,1991,,2013/04/11,,,read,,,,1,0
392968,Ceux qui vont mourir te saluent,Fred Vargas,"Vargas, Fred",,"=""2290309923""","=""9782290309926""",3,3.62,Editions 84,Mass Market Paperback,190,2001,1994,,2013/04/11,,,read,,,,1,0
186074,"The Name of the Wind (The Kingkiller Chronicle, #1)",Patrick Rothfuss,"Rothfuss, Patrick",,"=""075640407X""","=""9780756404079""",3,4.52,Penguin Group DAW,Hardcover,662,2007,2007,2013/08/04,2013/04/11,,,read,,,,1,0
75518,Hygiène de l'assassin,Amélie Nothomb,"Nothomb, Amélie",,"=""""","=""""",4,3.77,Le Livre de Poche,Mass Market Paperback,221,2005,1992,,2013/06/17,,,read,,,,1,0
75519,Métaphysique des tubes,Amélie Nothomb,"Nothomb, Amélie",,"=""""","=""""",3,3.96,Le Livre de Poche,Mass Market Paperback,156,2002,2000,,2013/06/17,,,read,,,,1,0
466405,La Nuit des temps,René Barjavel,"Barjavel, René",,"=""""","=""""",4,4.03,Pocket,Mass Market Paperback,394,1988,1968,,2013/06/17,,,read,,,,1,0
316109,Les fausses confidences,Pierre de Marivaux,"Marivaux, Pierre de",,"=""208070978X""","=""9782080709783""",4,3.16,Flammarion,Paperback,176,1999,1737,,2013/06/08,,,read,,,,1,0
115069,"L'Argent (Les Rougon-Macquart, #18)",Émile Zola,"Zola, Émile",,"=""2253003670""","=""9782253003670""",3,3.94,Le Livre de Poche,Mass Market Paperback,542,1974,1891,,2013/04/21,,,read,,,,1,0
2657,To Kill a Mockingbird,Harper Lee,"Lee, Harper",,"=""0060935464""","=""9780060935467""",0,4.26,Harper Perennial Modern Classics ,Paperback,323,2006,1960,,2013/05/03,to-read,to-read (#4),to-read,,,,0,0
1790462,Les âmes fortes,Jean Giono,"Giono, Jean",,"=""""","=""""",3,3.34,Gallimard,Mass Market Paperback,384,1972,1950,,2013/04/21,,,read,,,,1,0
1228958,Au bonheur des ogres,Daniel Pennac,"Pennac, Daniel",,"=""2070403696""","=""9782070403691""",4,3.97,Gallimard,Mass Market Paperback,288,1997,1985,,2013/04/11,,,read,,,,1,0
235915,Paradise News,David Lodge,"Lodge, David",,"=""0140165215""","=""9780140165210""",0,3.77,Penguin,Paperback,304,1993,1991,,2013/04/11,to-read,to-read (#3),to-read,,,,0,0
6216260,"La trilogie des elfes : L'intégrale (La trilogie des elfes, #1-3)",Jean-Louis Fetjaine,"Fetjaine, Jean-Louis",,"=""2266183761""","=""9782266183765""",4,3.86,Pocket,Mass Market Paperback,928,2008,2008,,2013/04/11,,,read,,,,1,0
41865,"Twilight (The Twilight Saga, #1)",Stephenie Meyer,"Meyer, Stephenie",,"=""0316015849""","=""9780316015844""",3,3.67,"Little, Brown and Company",Paperback,498,2006,2005,,2013/04/11,,,read,,,,1,0
45107,"Assassin's Apprentice (Farseer Trilogy, #1)",Robin Hobb,"Hobb, Robin",,"=""""","=""""",3,4.19,Voyager,Mass Market Paperback,460,1996,1995,,2013/04/11,,,read,,,,1,0
577246,Manon Lescaut,Antoine François Prévost d'Exiles,"d'Exiles, Antoine François Prévost","Jean Sgard, Leonard Tancock","=""0140445595""","=""9780140445596""",3,3.31,Penguin Classics,Paperback,192,1992,1731,,2013/04/11,,,read,,,,1,0
1508221,"Dans les bois éternels (Commissaire Adamsberg, #7)",Fred Vargas,"Vargas, Fred",,"=""2878582330""","=""9782878582338""",4,4.06,Viviane Hamy,Paperback,442,2009,2006,,2013/04/11,,,read,,,,1,0
141828,L'écume des jours,Boris Vian,"Vian, Boris",,"=""""","=""""",0,3.92,Le Livre de Poche,Mass Market Paperback,351,1997,1947,,2013/04/11,to-read,to-read (#1),to-read,,,,0,0
186668,"Heaven's Net Is Wide (Tales of the Otori, #0)",Lian Hearn,"Hearn, Lian",aka Gillian Rubinstein,"=""159448953X""","=""9781594489532""",0,4.19,Riverhead Books,Hardcover,560,2007,2007,,2013/04/11,to-read,to-read (#2),to-read,,,,0,0
27736,Rhinocéros,Eugène Ionesco,"Ionesco, Eugène",,"=""""","=""""",4,3.83,Editions Gallimard,Paperback,246,1992,1959,,2013/04/11,,,read,,,,1,0
249747,"Artemis Fowl (Artemis Fowl, #1)",Eoin Colfer,"Colfer, Eoin",,"=""""","=""""",3,3.86,Miramax,Paperback,396,2003,2001,,2013/04/11,,,read,,,,1,0
27737,La Cantatrice chauve / La Leçon,Eugène Ionesco,"Ionesco, Eugène",,"=""2070362361""","=""9782070362363""",4,3.84,Gallimard,Mass Market Paperback,208,1972,1961,,2013/04/11,,,read,,,,1,0
239154,Les Justes,Albert Camus,"Camus, Albert",,"=""""","=""""",4,4.02,Folio,Mass Market Paperback,152,1999,1949,,2013/04/11,,,read,,,,1,0
428077,L'avare,Molière,"Molière, Molière",,"=""2091878235""","=""9782091878232""",4,3.56,NATHAN,Paperback,79,1900,1668,,2013/04/11,,,read,,,,1,0
7664041,"Inheritance (The Inheritance Cycle, #4)",Christopher Paolini,"Paolini, Christopher",,"=""0375856110""","=""9780375856112""",5,4.16,Alfred A. Knopf,Hardcover,849,2011,2011,,2013/04/11,,,read,,,,1,0
2248573,"Brisingr (The Inheritance Cycle, #3)",Christopher Paolini,"Paolini, Christopher",,"=""0375826726""","=""9780375826726""",4,4.11,Alfred A. Knopf,Hardcover,748,2008,2008,,2013/04/11,,,read,,,,1,0
45978,"Eldest (The Inheritance Cycle, #2)",Christopher Paolini,"Paolini, Christopher",,"=""0375840400""","=""9780375840401""",4,4.05,Knopf Books for Young Readers,Paperback,704,2007,2005,,2013/04/11,,,read,,,,1,0
6,"Harry Potter and the Goblet of Fire (Harry Potter, #4)",J.K. Rowling,"Rowling, J.K.",Mary GrandPré,"=""0439139597""","=""9780439139595""",4,4.57,Scholastic,Paperback,734,2002,2000,,2013/04/11,,,read,,,,1,0
43928,"Deal Breaker (Myron Bolitar, #1)",Harlan Coben,"Coben, Harlan",,"=""0385340605""","=""9780385340601""",4,3.98,Delacorte Press,Hardcover,339,2006,1995,,2013/04/11,,,read,,,,1,0
113436,Eragon (The Inheritance Cycle #1),Christopher Paolini,"Paolini, Christopher",,"=""0375826696""","=""9780375826696""",4,3.96,Alfred A. Knopf,Paperback,503,2005,2002,,2013/04/11,,,read,,,,1,0
